test_name,scenario,run_index,seed,final_stability,min_stability,max_stability,final_trust,final_disturbance,final_cognitive_distortion,stability_rate,first_breach_step,recovery_step,stable_run,recovered_run,failure_case,failure_reason,avg_intervention_utilization,first_stressor
constraint_activation,baseline_integrated,0,42,0.9999999999999976,0.8852667046790313,0.9999999999999976,0.9706114669760393,0.34272557204201876,0.20174689953454392,1.0,,,1,0,0,,0.7556787783975881,none
constraint_activation,baseline_integrated,1,43,0.9876478446328434,0.8532565988006563,0.9999999998399964,0.8757030487517128,0.5202930344626744,0.2559963318814568,1.0,,,1,0,0,,0.7940792664262013,disturbance
constraint_activation,baseline_integrated,2,44,0.9999999912532191,0.8775020652415447,0.9999999981922055,0.9355054626983982,0.13662082789378865,0.17221978215491757,1.0,,,1,0,0,,0.7988111192260425,disturbance
constraint_activation,baseline_integrated,3,45,0.999999999999999,0.8811173820944553,0.999999999999999,1.0,0.1059658392539149,0.14800959598485064,1.0,,,1,0,0,,0.7816650290068309,none
constraint_activation,baseline_integrated,4,46,0.999999999519943,0.8800723353853783,0.999999999519943,1.0,0.1471570230376023,0.1919796984984091,1.0,,,1,0,0,,0.776420177987243,disturbance
constraint_activation,baseline_integrated,5,47,0.9999999999913993,0.8802791873412943,0.9999999999913993,1.0,0.18258395992288115,0.14375041759581753,1.0,,,1,0,0,,0.833586733857673,none
constraint_activation,baseline_integrated,6,48,0.999999999999525,0.8824316776658607,0.999999999999525,1.0,0.17314686691536474,0.1803952235097661,1.0,,,1,0,0,,0.8072495599869175,disturbance
constraint_activation,baseline_integrated,7,49,0.9999999999999982,0.8817976045435539,0.9999999999999982,1.0,0.18275204469094763,0.18132815800744426,1.0,,,1,0,0,,0.7947354262554608,none
constraint_activation,baseline_integrated,8,50,0.9999999999996704,0.8812990088698391,0.9999999999996704,1.0,0.07427952316300537,0.15662156873522876,1.0,,,1,0,0,,0.7886211461855401,disturbance
constraint_activation,baseline_integrated,9,51,0.9999999895824516,0.8806548402158217,0.9999999895824516,0.9628582438897058,0.12289536375783895,0.16263484006654677,1.0,,,1,0,0,,0.856037014166074,none
constraint_activation,baseline_integrated,10,52,0.999999999999999,0.8831958749600782,0.999999999999999,1.0,0.1720390628137421,0.17492610578795678,1.0,,,1,0,0,,0.7589577446163908,none
constraint_activation,baseline_integrated,11,53,0.9999999999999972,0.8753976809414177,0.9999999999999972,0.9917438238322512,0.14394668371462427,0.15880690356418503,1.0,,,1,0,0,,0.7812905592485981,none
constraint_activation,baseline_integrated,12,54,0.9999999999999726,0.8829791753063563,0.9999999999999726,0.9153793729708845,0.1283384752661189,0.2098000954711941,1.0,,,1,0,0,,0.7927023276061383,disturbance
constraint_activation,baseline_integrated,13,55,0.9999999999999988,0.8759530841212197,0.9999999999999988,1.0,0.19147832263216671,0.18342052281043225,1.0,,,1,0,0,,0.8067802311380808,none
constraint_activation,baseline_integrated,14,56,0.9999999999999984,0.878829108935357,0.9999999999999984,1.0,0.19040216626416465,0.19580723372730147,1.0,,,1,0,0,,0.7908862930871995,none
constraint_activation,baseline_integrated,15,57,0.999258791025664,0.8548710116687164,0.9999999999979535,0.9144083474239841,0.17099899323711254,0.16704606513066167,1.0,,,1,0,0,,0.8127401694646471,none
constraint_activation,baseline_integrated,16,58,0.999999999999999,0.8819213361427307,0.999999999999999,1.0,0.16036407924500753,0.16057626827968383,1.0,,,1,0,0,,0.7608297831856126,none
constraint_activation,baseline_integrated,17,59,0.9999948145704481,0.8661608204715404,0.9999999138040826,1.0,0.13220529470167008,0.1415721024606004,1.0,,,1,0,0,,0.8067092101187111,none
constraint_activation,baseline_integrated,18,60,0.999999999999999,0.8794481705859718,0.999999999999999,0.985605443651807,0.14370833173295555,0.13656667314737442,1.0,,,1,0,0,,0.8075444815694724,none
constraint_activation,baseline_integrated,19,61,0.999999999999999,0.8775502409403673,0.999999999999999,1.0,0.10786801102967113,0.120999850641174,1.0,,,1,0,0,,0.7820836864849814,none
constraint_activation,capacity_060,0,42,0.9999999999999937,0.8852667046790313,0.9999999999999937,0.9672279731506823,0.3508261286443282,0.2128429269607357,1.0,,,1,0,0,,0.5969837455004541,disturbance
constraint_activation,capacity_060,1,43,0.969480521193402,0.8532565988006563,0.9999999891727491,0.8481609860246185,0.5751914297181041,0.29593154767667773,1.0,,,1,0,0,,0.5979,disturbance
constraint_activation,capacity_060,2,44,0.9862740292211128,0.8775020652415447,0.9999999981922055,0.8584554483563573,0.18326239470223601,0.22010828027505452,1.0,,,1,0,0,,0.5974084321012267,disturbance
constraint_activation,capacity_060,3,45,0.9998990657527984,0.8811173820944553,0.9999999999982924,0.9855233620659555,0.11734277483129063,0.17376401622441578,1.0,,,1,0,0,,0.5956841579113048,none
constraint_activation,capacity_060,4,46,0.9999999692869141,0.8739848171605865,0.9999999692869141,1.0,0.15772296824708504,0.21315300569053464,1.0,,,1,0,0,,0.5973634972779315,disturbance
constraint_activation,capacity_060,5,47,0.9999914880504184,0.8422986965394428,0.9999967273203737,1.0,0.19718237924257137,0.16831261205521575,1.0,,,1,0,0,,0.5973917542088398,trust
constraint_activation,capacity_060,6,48,0.999999986744173,0.8824316776658607,0.999999986744173,0.929555557281834,0.19595224558701121,0.2147155632069475,1.0,,,1,0,0,,0.59726410893896,disturbance
constraint_activation,capacity_060,7,49,0.9999998107804279,0.8817976045435539,0.9999998107804279,0.9935552519223567,0.19782694839894255,0.20697319343765366,1.0,,,1,0,0,,0.5971235535257695,none
constraint_activation,capacity_060,8,50,0.999999999012275,0.8812990088698391,0.999999999012275,1.0,0.07794244834521559,0.16594015983549393,1.0,,,1,0,0,,0.5973418110612027,disturbance
constraint_activation,capacity_060,9,51,0.939675629318123,0.8180969955397638,0.9999958366651505,0.8038729558807598,0.14693607061132993,0.20062692574446092,1.0,,,1,0,0,,0.597314537008183,trust
constraint_activation,capacity_060,10,52,0.999999999999999,0.8831958749600782,0.999999999999999,1.0,0.17598224168422305,0.18447655249766112,1.0,,,1,0,0,,0.5972067277996141,none
constraint_activation,capacity_060,11,53,0.9999550346309828,0.8753976809414177,0.999999985432284,0.884450579171792,0.17389211528432977,0.2062294496120502,1.0,,,1,0,0,,0.5977749936522883,none
constraint_activation,capacity_060,12,54,0.9671224862522686,0.876897328452123,0.9999999999989589,0.8218976630338606,0.18718068129487336,0.2710305472786612,1.0,,,1,0,0,,0.597200139420647,disturbance
constraint_activation,capacity_060,13,55,0.9999998212532801,0.8759530841212197,0.9999998212532801,0.9784689282607348,0.2057586527125345,0.20629088376743285,1.0,,,1,0,0,,0.5976895592945651,none
constraint_activation,capacity_060,14,56,0.998748731017894,0.878829108935357,0.9999999999999422,0.8756747156171336,0.21281293284750566,0.235437621760239,1.0,,,1,0,0,,0.5975109614838856,none
constraint_activation,capacity_060,15,57,0.9079533439924751,0.8339683160017881,0.9999975119568739,0.7878643378543234,0.1921980946353199,0.20035114038214272,1.0,,,1,0,0,,0.5979,tie
constraint_activation,capacity_060,16,58,0.9999991611602721,0.8819213361427307,0.9999999999126121,1.0,0.17746836479237002,0.18126363576000387,1.0,,,1,0,0,,0.596862044431394,disturbance
constraint_activation,capacity_060,17,59,0.9998675384309111,0.8508944393157177,0.999946030391889,1.0,0.13865868020579342,0.1518434832281813,1.0,,,1,0,0,,0.5979,disturbance
constraint_activation,capacity_060,18,60,0.992412489077981,0.8794481705859718,0.9999999997189538,0.8712877040784589,0.17721621344521807,0.1854852473191616,1.0,,,1,0,0,,0.5974341776728789,none
constraint_activation,capacity_060,19,61,0.9997698644562372,0.8775502409403673,0.9999999986482403,1.0,0.11607251938845253,0.13632264661907767,1.0,,,1,0,0,,0.5976566432576181,disturbance
constraint_activation,capacity_040,0,42,0.9999988532057599,0.8852667046790313,0.9999990527588191,0.960034140120698,0.3670191040568094,0.2377818118699548,1.0,,,1,0,0,,0.39990000000000003,disturbance
constraint_activation,capacity_040,1,43,0.9415740458714357,0.833951154548593,0.9999429213334796,0.7941817688757253,0.6119056741374287,0.33375951029821105,1.0,,,1,0,0,,0.39990000000000003,disturbance
constraint_activation,capacity_040,2,44,0.8791432125452597,0.8665926984791468,0.999993497995172,0.7109115814857134,0.21824399570610256,0.2601178010416226,1.0,,,1,0,0,,0.39990000000000003,disturbance
constraint_activation,capacity_040,3,45,0.9594891153108728,0.8811173820944553,0.9999999999982881,0.8370399507544956,0.1293291283499949,0.2048117422057209,1.0,,,1,0,0,,0.39990000000000003,disturbance
constraint_activation,capacity_040,4,46,0.9974726353719562,0.7564502162358818,0.9999867769054587,0.9017148236202511,0.1718670699402122,0.24559216200787007,0.9,45,55,0,1,0,,0.39990000000000003,disturbance
constraint_activation,capacity_040,5,47,0.9998055012521023,0.704700054451492,0.9998055012521023,0.9422595043081234,0.21462674396651887,0.20285683704348756,0.69,11,42,0,1,0,,0.39990000000000003,trust
constraint_activation,capacity_040,6,48,0.9367322584603501,0.81038704866983,0.9996295731294583,0.7870951544122675,0.21708379407949915,0.24947151524727793,1.0,,,1,0,0,,0.39990000000000003,disturbance
constraint_activation,capacity_040,7,49,0.9874350813561885,0.8292082577008109,0.9999817712379204,0.8657198776524276,0.21441371892614006,0.23934038029428184,1.0,,,1,0,0,,0.39990000000000003,trust
constraint_activation,capacity_040,8,50,0.9980617782077443,0.8718661992239637,0.9996296355752826,0.9930654540838906,0.08609382953330157,0.1942622393486438,1.0,,,1,0,0,,0.39990000000000003,disturbance
constraint_activation,capacity_040,9,51,0.8237366354432416,0.6659467631373337,0.9884571516330034,0.6836987717159894,0.17651806037837506,0.2522428507118473,0.77,38,61,0,1,0,,0.39990000000000003,tie
constraint_activation,capacity_040,10,52,0.9999989088890798,0.8831958749600782,0.9999993094069781,1.0,0.18541709878913398,0.2105175710081203,1.0,,,1,0,0,,0.39990000000000003,none
constraint_activation,capacity_040,11,53,0.9055553516784846,0.8731722404351809,0.9999977606677657,0.7472812693167133,0.19744395360012093,0.24733852035055692,1.0,,,1,0,0,,0.39990000000000003,none
constraint_activation,capacity_040,12,54,0.891373497814946,0.7809732679390293,0.9998372629717577,0.7037457239401719,0.2287022259966417,0.31949875415091444,0.95,15,20,0,1,0,,0.39990000000000003,disturbance
constraint_activation,capacity_040,13,55,0.9437466262654199,0.7712990760153683,0.9999834807841087,0.8074562981846427,0.22074435662112915,0.23366343558599523,0.93,53,60,0,1,0,,0.39990000000000003,disturbance
constraint_activation,capacity_040,14,56,0.9038884298338252,0.878829108935357,0.9999601800769334,0.747443250649262,0.23314436171499137,0.27562813060911623,1.0,,,1,0,0,,0.39990000000000003,disturbance
constraint_activation,capacity_040,15,57,0.7917067882872006,0.7721864506401435,0.999958588724194,0.646847371130996,0.22610660400723506,0.25716155430596915,0.88,5,10,0,1,1,ended_below_threshold,0.39990000000000003,tie
constraint_activation,capacity_040,16,58,0.9996255031320712,0.8819213361427307,0.9999981341579184,0.9871117050292476,0.19710938284285628,0.21002875071377586,1.0,,,1,0,0,,0.39990000000000003,disturbance
constraint_activation,capacity_040,17,59,0.9992215437938475,0.7452160564386052,0.9992215437938475,1.0,0.15227873562047378,0.17618490633702835,0.85,36,51,0,1,0,,0.39990000000000003,disturbance
constraint_activation,capacity_040,18,60,0.912655037403496,0.8046035112913923,0.9999990315029212,0.7526068401000456,0.20524650106792178,0.23079437910384237,1.0,,,1,0,0,,0.39990000000000003,trust
constraint_activation,capacity_040,19,61,0.995886288780189,0.8374313287671873,0.9999999051883285,0.9609160216394343,0.12854486444913685,0.16361826563634263,1.0,,,1,0,0,,0.39990000000000003,tie
constraint_activation,smoothing_low,0,42,0.9999999999999984,0.8852667046790313,0.9999999999999984,0.9766376669234864,0.32800729882964486,0.18236438535426958,1.0,,,1,0,0,,0.9899828593742264,none
constraint_activation,smoothing_low,1,43,0.9908298980058216,0.8532565988006563,0.9999999998976518,0.8818083100642424,0.5205713990845838,0.24683217222492107,1.0,,,1,0,0,,0.9939,disturbance
constraint_activation,smoothing_low,2,44,0.999999999999999,0.8775020652415447,0.999999999999999,0.9458791597471929,0.13701656416781907,0.16722877564637303,1.0,,,1,0,0,,0.9910499774156659,disturbance
constraint_activation,smoothing_low,3,45,0.999999999999999,0.8811173820944553,0.999999999999999,1.0,0.09612186173390555,0.1284023538310074,1.0,,,1,0,0,,0.989725351138729,none
constraint_activation,smoothing_low,4,46,0.999999999607142,0.8800723353853783,0.999999999607142,1.0,0.13646479729853037,0.17276654085878934,1.0,,,1,0,0,,0.9906506499320022,disturbance
constraint_activation,smoothing_low,5,47,0.9999999999960448,0.8802791873412943,0.9999999999960448,1.0,0.17250703590937772,0.12572423054445034,1.0,,,1,0,0,,0.9907829825010589,none
constraint_activation,smoothing_low,6,48,0.999999999999999,0.8824316776658607,0.999999999999999,1.0,0.1619789603017613,0.16644438799371666,1.0,,,1,0,0,,0.9907314643111771,disturbance
constraint_activation,smoothing_low,7,49,0.9999999999999987,0.8817976045435539,0.9999999999999987,1.0,0.17191944003962847,0.1645335539508131,1.0,,,1,0,0,,0.9901102576434246,none
constraint_activation,smoothing_low,8,50,0.999999999999999,0.8812990088698391,0.999999999999999,1.0,0.06561322079662553,0.1325630657603134,1.0,,,1,0,0,,0.9909061877156831,disturbance
constraint_activation,smoothing_low,9,51,0.9999999939413687,0.8806548402158217,0.9999999939413687,0.9806679288833384,0.11349262029680185,0.15095437197111536,1.0,,,1,0,0,,0.9903744656019018,none
constraint_activation,smoothing_low,10,52,0.999999999999999,0.8831958749600782,0.999999999999999,1.0,0.16175545708196581,0.15260342321767983,1.0,,,1,0,0,,0.9906866154724437,none
constraint_activation,smoothing_low,11,53,0.999999999999998,0.8753976809414177,0.999999999999998,1.0,0.13688370687782708,0.1504366889119983,1.0,,,1,0,0,,0.9915409978630068,none
constraint_activation,smoothing_low,12,54,0.9999999999999972,0.8829791753063563,0.9999999999999972,0.9235504788997367,0.12994375169063163,0.20893310163607262,1.0,,,1,0,0,,0.9906771085683204,disturbance
constraint_activation,smoothing_low,13,55,0.999999999999999,0.8759530841212197,0.999999999999999,1.0,0.1790005780583928,0.16468029888617403,1.0,,,1,0,0,,0.9914328164079034,none
constraint_activation,smoothing_low,14,56,0.999999999999999,0.878829108935357,0.999999999999999,1.0,0.1806339651582335,0.1821939952747847,1.0,,,1,0,0,,0.9912023790825186,none
constraint_activation,smoothing_low,15,57,0.9999999999999956,0.8548710116687164,0.9999999999999956,0.9482592042286773,0.15987175493417422,0.15367834349372292,1.0,,,1,0,0,,0.9938623358437281,none
constraint_activation,smoothing_low,16,58,0.999999999999999,0.8819213361427307,0.999999999999999,1.0,0.14928784576571008,0.1443047108884798,1.0,,,1,0,0,,0.9899795438204098,none
constraint_activation,smoothing_low,17,59,0.999996512026785,0.8691513885678213,0.9999999548916149,1.0,0.11950053307622478,0.12133832958834516,1.0,,,1,0,0,,0.9918602628342215,none
constraint_activation,smoothing_low,18,60,0.999999999999999,0.8794481705859718,0.999999999999999,0.9936720205154341,0.13763291266317437,0.12932349229789092,1.0,,,1,0,0,,0.9908137141315652,none
constraint_activation,smoothing_low,19,61,0.999999999999999,0.8775502409403673,0.999999999999999,1.0,0.09692424229823218,0.10027819290301276,1.0,,,1,0,0,,0.9913876784696718,none
constraint_activation,disturbance_high,0,42,0.9715653512310951,0.8494884643283713,0.9997487382959281,0.8243453467105767,0.580725956071776,0.24143873756008982,1.0,,,1,0,0,,0.8259056078064478,disturbance
constraint_activation,disturbance_high,1,43,0.8622692904977256,0.7415367575989169,0.9997632434128103,0.6019929546624078,0.8484672935427714,0.3345801263165972,0.96,45,49,0,1,0,,0.8515897786245122,disturbance
constraint_activation,disturbance_high,2,44,0.9330643473424567,0.7649290891945114,0.9995556982522436,0.7726729696246297,0.15078488240834986,0.20068947453471814,0.93,42,43,0,1,0,,0.851406716970977,disturbance
constraint_activation,disturbance_high,3,45,0.9125756097369601,0.7259415289406135,0.9968335160031295,0.8198299814245663,0.11915023153730048,0.1628064210371516,0.82,11,12,0,1,0,,0.8688483358589693,disturbance
constraint_activation,disturbance_high,4,46,0.9923763558608157,0.7309026906170009,0.998425335813683,0.9907893985013517,0.14711305727970242,0.19189497751316223,0.9,41,51,0,1,0,,0.8494319213977793,disturbance
constraint_activation,disturbance_high,5,47,0.8177141767830999,0.6483414949341815,0.9992616976800408,0.6902303175820081,0.21492832429159822,0.19593235818907154,0.8,7,13,0,1,0,,0.8970789106056831,disturbance
constraint_activation,disturbance_high,6,48,0.9536415774296543,0.7407277600645918,0.9891064957834144,0.8434176832360822,0.17179678968460563,0.1805104471855409,0.92,30,34,0,1,0,,0.8588375558605962,disturbance
constraint_activation,disturbance_high,7,49,0.8997529931528134,0.7484795388918112,0.9959469579885982,0.7820015195871136,0.18221931790818405,0.1886054290030065,0.95,3,4,0,1,0,,0.8611884651786258,disturbance
constraint_activation,disturbance_high,8,50,0.9288180012224034,0.7051407241739018,0.9998960438126242,0.7329715962305713,0.36619525902646355,0.30914016921296555,0.94,32,38,0,1,0,,0.8341403999328612,disturbance
constraint_activation,disturbance_high,9,51,0.8380000267148654,0.7079508014875284,0.9981677990393499,0.7092248104289337,0.1573828367304126,0.21369685784087994,0.93,49,56,0,1,0,,0.8782938130201865,disturbance
constraint_activation,disturbance_high,10,52,0.9981105783655849,0.8831958749600782,0.9999933316503581,0.9523383466365664,0.17429326314323604,0.17970251571510634,1.0,,,1,0,0,,0.8215673132102898,disturbance
constraint_activation,disturbance_high,11,53,0.8689069097468073,0.7564466352432265,0.9984866111350423,0.7121676881717184,0.6225060000872373,0.23594115072872227,0.96,71,75,0,1,0,,0.8465976036008649,disturbance
constraint_activation,disturbance_high,12,54,0.6747900837464187,0.6698161873282218,0.9985943915692297,0.44620602816718324,0.2406141045956563,0.32962668749408164,0.86,11,21,0,1,1,ended_below_threshold,0.8759083657009267,disturbance
constraint_activation,disturbance_high,13,55,0.9350146312440217,0.7134100365697498,0.9905051498750354,0.7968326673139406,0.19201831089111096,0.1966858163209947,0.82,47,51,0,1,0,,0.8938213548635813,disturbance
constraint_activation,disturbance_high,14,56,0.814786811162175,0.7311289782266774,0.9988080052417001,0.6141595313691361,0.4070137360490639,0.2957583320636251,0.95,31,36,0,1,0,,0.8446274206167721,disturbance
constraint_activation,disturbance_high,15,57,0.9268375863968314,0.7405309754938364,0.9968877640554075,0.8582271537691628,0.1702711202674059,0.1661957489752165,0.81,4,5,0,1,0,,0.8752333182625636,disturbance
constraint_activation,disturbance_high,16,58,0.9260905579811091,0.6175566733801577,0.9999008747173912,0.7252794758487212,0.7096906772305531,0.30052001340828505,0.92,65,73,0,1,0,,0.8058460105588422,disturbance
constraint_activation,disturbance_high,17,59,0.9991422689740856,0.7194585752589554,0.9996711183598992,0.9911705218631586,0.1305606688459647,0.14373394165067607,0.9,35,43,0,1,0,,0.8412420813059629,tie
constraint_activation,disturbance_high,18,60,0.9018477187413639,0.7441756260331661,0.9956617792489408,0.812979399179223,0.14466557111228212,0.1436556784449054,0.93,48,54,0,1,0,,0.8830538558698222,disturbance
constraint_activation,disturbance_high,19,61,0.9478400096526329,0.7408317696268423,0.9977507865374583,0.8088164075298414,0.3054272622536288,0.20065510126884548,0.91,34,37,0,1,0,,0.8368826805785406,disturbance
constraint_activation,combined_constraint,0,42,0.7244520439137022,0.6070254411416804,0.9718234706359475,0.5359179506306359,0.6337827572991814,0.327266914790346,0.46,5,21,0,1,1,ended_below_threshold,0.39990000000000003,disturbance
constraint_activation,combined_constraint,1,43,0.4920835169444269,0.35711430832003443,0.9240668348321562,0.15819254147757902,1.0,0.4803422473805117,0.13,2,7,0,1,1,ended_below_threshold,0.39990000000000003,disturbance
constraint_activation,combined_constraint,2,44,0.6459323605525225,0.28237735626922034,0.9052514223653239,0.3852776517560206,0.3329475363684534,0.36889650659807216,0.08,7,94,0,1,1,ended_below_threshold,0.39990000000000003,disturbance
constraint_activation,combined_constraint,3,45,0.35889294993923854,0.2853346733007752,0.9553853615267758,0.049107498193654134,0.26293485915079173,0.3948716820211218,0.07,7,,0,0,1,never_recovered,0.39990000000000003,disturbance
constraint_activation,combined_constraint,4,46,0.6348887275707755,0.28230697392629256,0.9295679737659679,0.46688679633457525,0.18228527276567233,0.28407506625265294,0.06,6,,0,0,1,never_recovered,0.39990000000000003,disturbance
constraint_activation,combined_constraint,5,47,0.3810158950137834,0.24696500810320227,0.9060985890421177,0.008317417613437461,0.4309030560051337,0.4471977646715902,0.04,4,,0,0,1,never_recovered,0.39990000000000003,disturbance
constraint_activation,combined_constraint,6,48,0.44984477499110326,0.29003357814978964,0.9733122736961034,0.16433028833958616,0.27316682015958027,0.3546332547113793,0.09,9,,0,0,1,never_recovered,0.39990000000000003,disturbance
constraint_activation,combined_constraint,7,49,0.4793533957735434,0.3553471693931004,0.830969545919554,0.16932719009596103,0.32959941592998415,0.40864675254315497,0.02,2,,0,0,1,never_recovered,0.39990000000000003,disturbance
constraint_activation,combined_constraint,8,50,0.7919934419569278,0.3163625632596747,0.9484606253326602,0.5274441620028726,0.5744445545559319,0.4130488816392314,0.25,4,17,0,1,1,ended_below_threshold,0.39990000000000003,disturbance
constraint_activation,combined_constraint,9,51,0.34056453439553036,0.2589797091141511,0.9734897576001768,0.004092127225919243,0.37985473496844613,0.4602962101615264,0.16,14,29,0,1,1,ended_below_threshold,0.39990000000000003,disturbance
constraint_activation,combined_constraint,10,52,0.9249564402784413,0.5745940899274435,0.9987767452763132,0.7775204541205584,0.21894236667303968,0.2602262485684881,0.46,11,45,0,1,0,,0.39990000000000003,disturbance
constraint_activation,combined_constraint,11,53,0.3485452894859294,0.3359479072525317,0.902452120314111,0.0,0.7515410412396232,0.45432130774652757,0.24,9,17,0,1,1,ended_below_threshold,0.39990000000000003,tie
constraint_activation,combined_constraint,12,54,0.29956243944717226,0.29415560370386473,0.9380879024800721,0.0,0.4823151759388657,0.5744637852493925,0.09,9,,0,0,1,never_recovered,0.39990000000000003,disturbance
constraint_activation,combined_constraint,13,55,0.38745457734287725,0.25121664628641355,0.8251250254972198,0.07280586137255494,0.34190533088279235,0.391625864075583,0.03,2,7,0,1,1,ended_below_threshold,0.39990000000000003,disturbance
constraint_activation,combined_constraint,14,56,0.45046494666354636,0.33048277728658454,0.9182035511645233,0.07895765726286157,0.6442159990692701,0.5263962247695693,0.15,6,16,0,1,1,ended_below_threshold,0.39990000000000003,disturbance
constraint_activation,combined_constraint,15,57,0.3919662821087658,0.268136895779398,0.8493382369563783,0.1052949147696077,0.2690667134174594,0.34997421006957447,0.06,2,16,0,1,1,ended_below_threshold,0.39990000000000003,disturbance
constraint_activation,combined_constraint,16,58,0.8421083049232796,0.278385980109577,0.99983245803935,0.6054362153724769,0.8570595124928678,0.3949277787164678,0.38,24,35,0,1,0,,0.39990000000000003,disturbance
constraint_activation,combined_constraint,17,59,0.8706702457253538,0.26237917048724696,0.9681016526170836,0.7492557254434086,0.17168152238854928,0.2120107270280286,0.32,3,9,0,1,0,,0.39990000000000003,tie
constraint_activation,combined_constraint,18,60,0.3632265405248363,0.289251946309518,0.9841713759008861,0.046129573408073846,0.2958148618831125,0.36696211184232563,0.14,14,,0,0,1,never_recovered,0.39990000000000003,disturbance
constraint_activation,combined_constraint,19,61,0.45022426197519966,0.3119554618515952,0.9971710056907308,0.16513852079957309,0.46969654556429924,0.3465620782245537,0.17,17,,0,0,1,never_recovered,0.39990000000000003,disturbance
