topology,node_count,k_D,k_C,k_T,activation_threshold,propagation_exponent,neighbor_feedback_strength,intrinsic_decay,runs,steps,avg_edge_count,propagation_share,avg_failure_rate,avg_time_to_first_propagation,avg_largest_survival_cluster,max_last_affected_node,cascade_depth_distribution,last_affected_distribution,spatial_distribution_counts,spatial_behavior
chain,50,0.01,0.02,0.0,0.2,3.0,0.3,0.06,50,200,49.0,0.46,0.0,4.58,13.62,49,47|46|45|44|49|48|47|46|45|44|43|42|41|40|39|38|37|36|35|34|33|49|49|48|47|46|45|44|49|49|48|47|46|45|44|43|42|49|48|47|46|45|44|43|42|41|40|39|49|48,47|46|45|44|49|48|47|46|45|44|43|42|41|40|39|38|37|36|35|34|33|49|49|48|47|46|45|44|49|49|48|47|46|45|44|43|42|49|48|47|46|45|44|43|42|41|40|39|49|48,network_wide:50,expands_far
chain,50,0.01,0.02,0.0,0.2,3.0,0.3,0.062,50,200,49.0,0.46,0.0,4.62,13.64,49,47|46|45|44|49|48|47|46|45|44|43|42|41|40|39|38|37|36|35|34|33|32|49|48|47|46|45|44|43|49|48|47|46|45|44|43|42|49|48|47|46|45|44|43|42|41|40|39|49|48,47|46|45|44|49|48|47|46|45|44|43|42|41|40|39|38|37|36|35|34|33|32|49|48|47|46|45|44|43|49|48|47|46|45|44|43|42|49|48|47|46|45|44|43|42|41|40|39|49|48,network_wide:50,expands_far
chain,50,0.01,0.02,0.0,0.2,3.0,0.3,0.064,50,200,49.0,0.18,0.0,4.68,13.9,49,47|46|45|44|49|48|47|46|45|44|43|42|41|40|39|38|37|36|35|34|33|49|49|48|47|46|45|44|43|49|48|47|46|45|44|43|42|49|48|47|46|45|44|43|42|41|40|39|49|48,47|46|45|44|49|48|47|46|45|44|43|42|41|40|39|38|37|36|35|34|33|49|49|48|47|46|45|44|43|49|48|47|46|45|44|43|42|49|48|47|46|45|44|43|42|41|40|39|49|48,network_wide:50,expands_far
chain,50,0.01,0.02,0.0,0.2,3.0,0.3,0.066,50,200,49.0,0.3,0.0,4.68,14.18,49,47|46|45|44|49|48|47|46|45|44|43|42|41|40|39|38|37|36|35|34|33|49|49|48|47|46|45|44|43|49|48|47|46|45|44|43|42|49|48|47|46|45|44|43|42|41|40|39|49|48,47|46|45|44|49|48|47|46|45|44|43|42|41|40|39|38|37|36|35|34|33|49|49|48|47|46|45|44|43|49|48|47|46|45|44|43|42|49|48|47|46|45|44|43|42|41|40|39|49|48,core_weighted:5|network_wide:45,expands_far
chain,50,0.01,0.02,0.0,0.2,3.0,0.3,0.068,50,200,49.0,0.3,0.0,6.1,14.34,49,47|46|45|44|49|48|47|46|45|44|43|42|41|40|39|38|37|36|35|34|33|32|49|48|47|46|45|44|43|49|48|47|46|45|44|43|42|49|48|47|46|45|44|43|42|41|40|39|49|48,47|46|45|44|49|48|47|46|45|44|43|42|41|40|39|38|37|36|35|34|33|32|49|48|47|46|45|44|43|49|48|47|46|45|44|43|42|49|48|47|46|45|44|43|42|41|40|39|49|48,core_weighted:14|network_wide:36,expands_far
chain,50,0.01,0.02,0.0,0.2,3.0,0.3,0.07,50,200,49.0,0.18,0.0,8.2,14.62,49,47|46|45|44|49|48|47|46|45|44|43|42|41|40|39|38|37|36|35|34|33|32|49|48|47|46|45|44|43|49|48|47|46|45|44|43|42|49|48|47|46|45|44|43|42|41|40|39|49|48,47|46|45|44|49|48|47|46|45|44|43|42|41|40|39|38|37|36|35|34|33|32|49|48|47|46|45|44|43|49|48|47|46|45|44|43|42|49|48|47|46|45|44|43|42|41|40|39|49|48,core_weighted:6|network_wide:44,expands_far
chain,50,0.01,0.02,0.0,0.2,3.0,0.3,0.072,50,200,49.0,0.0,0.0,8.66,14.62,49,46|45|44|43|49|48|47|46|45|44|43|42|41|40|39|38|37|36|35|34|33|32|49|48|47|46|45|44|43|49|48|47|46|45|44|43|42|49|48|47|46|45|44|43|42|41|40|39|49|48,46|45|44|43|49|48|47|46|45|44|43|42|41|40|39|38|37|36|35|34|33|32|49|48|47|46|45|44|43|49|48|47|46|45|44|43|42|49|48|47|46|45|44|43|42|41|40|39|49|48,core_weighted:8|network_wide:42,expands_far
chain,50,0.01,0.02,0.0,0.2,3.0,0.3,0.074,50,200,49.0,0.0,0.0,9.72,14.62,49,46|45|44|43|49|48|47|46|45|44|43|42|41|40|39|38|37|36|35|34|33|32|49|48|47|46|45|44|43|49|48|47|46|45|44|43|42|49|48|47|46|45|44|43|42|41|40|39|49|48,46|45|44|43|49|48|47|46|45|44|43|42|41|40|39|38|37|36|35|34|33|32|49|48|47|46|45|44|43|49|48|47|46|45|44|43|42|49|48|47|46|45|44|43|42|41|40|39|49|48,core_weighted:8|network_wide:42,expands_far
chain,50,0.01,0.02,0.0,0.2,3.0,0.3,0.076,50,200,49.0,0.0,0.0,13.86,15.26,49,46|45|44|43|49|48|47|46|45|44|43|42|41|40|39|38|37|36|35|34|33|32|49|48|47|46|45|44|43|42|41|40|39|38|37|36|35|49|48|47|46|45|44|43|42|41|40|39|49|48,46|45|44|43|49|48|47|46|45|44|43|42|41|40|39|38|37|36|35|34|33|32|49|48|47|46|45|44|43|42|41|40|39|38|37|36|35|49|48|47|46|45|44|43|42|41|40|39|49|48,core_weighted:10|network_wide:40,expands_far
chain,50,0.01,0.02,0.0,0.2,3.0,0.3,0.078,50,200,49.0,0.0,0.0,14.22,15.26,49,46|45|44|43|49|48|47|46|45|44|43|42|41|40|39|38|37|36|35|34|33|32|49|48|47|46|45|44|43|42|41|40|39|38|37|36|35|49|48|47|46|45|44|43|42|41|40|39|49|48,46|45|44|43|49|48|47|46|45|44|43|42|41|40|39|38|37|36|35|34|33|32|49|48|47|46|45|44|43|42|41|40|39|38|37|36|35|49|48|47|46|45|44|43|42|41|40|39|49|48,core_weighted:12|network_wide:38,expands_far
chain,50,0.01,0.02,0.0,0.2,3.0,0.3,0.08,50,200,49.0,0.0,0.0,18.64,15.62,49,46|45|44|43|49|48|47|46|45|44|43|42|41|40|39|38|37|36|35|34|33|32|49|48|47|46|45|44|43|42|41|40|39|38|37|36|35|49|48|47|46|45|44|43|42|41|40|39|49|48,46|45|44|43|49|48|47|46|45|44|43|42|41|40|39|38|37|36|35|34|33|32|49|48|47|46|45|44|43|42|41|40|39|38|37|36|35|49|48|47|46|45|44|43|42|41|40|39|49|48,core_weighted:12|network_wide:38,expands_far
chain,50,0.01,0.02,0.0,0.2,3.0,0.3,0.082,50,200,49.0,0.0,0.0,24.06,15.92,49,46|45|44|43|49|48|47|46|45|44|43|42|41|40|39|38|37|36|35|34|33|32|49|48|47|46|45|44|43|42|41|40|39|38|37|36|35|49|48|47|46|45|44|43|42|41|40|39|49|48,46|45|44|43|49|48|47|46|45|44|43|42|41|40|39|38|37|36|35|34|33|32|49|48|47|46|45|44|43|42|41|40|39|38|37|36|35|49|48|47|46|45|44|43|42|41|40|39|49|48,core_weighted:12|network_wide:38,expands_far
chain,50,0.01,0.02,0.0,0.2,3.0,0.3,0.084,50,200,49.0,0.0,0.0,27.02,15.92,49,46|45|44|43|49|48|47|46|45|44|43|42|41|40|39|38|37|36|35|34|33|32|49|48|47|46|45|44|43|42|41|40|39|38|37|36|35|49|48|47|46|45|44|43|42|41|40|39|49|48,46|45|44|43|49|48|47|46|45|44|43|42|41|40|39|38|37|36|35|34|33|32|49|48|47|46|45|44|43|42|41|40|39|38|37|36|35|49|48|47|46|45|44|43|42|41|40|39|49|48,core_weighted:11|network_wide:39,expands_far
chain,50,0.01,0.02,0.0,0.2,3.0,0.3,0.086,50,200,49.0,0.0,0.0,27.08,15.92,49,47|46|45|44|49|48|47|46|45|44|43|42|41|40|39|38|37|36|35|34|33|32|49|48|47|46|45|44|43|42|41|40|39|38|37|36|35|49|48|47|46|45|44|43|42|41|40|39|49|48,47|46|45|44|49|48|47|46|45|44|43|42|41|40|39|38|37|36|35|34|33|32|49|48|47|46|45|44|43|42|41|40|39|38|37|36|35|49|48|47|46|45|44|43|42|41|40|39|49|48,core_weighted:13|network_wide:37,expands_far
chain,50,0.01,0.02,0.0,0.2,3.0,0.3,0.088,50,200,49.0,0.0,0.0,29.04,16.04,49,46|45|44|43|49|48|47|46|45|44|43|42|41|40|39|38|37|36|35|34|33|32|49|48|47|46|45|44|43|42|41|40|39|38|37|36|35|49|48|47|46|45|44|43|42|41|40|39|49|48,46|45|44|43|49|48|47|46|45|44|43|42|41|40|39|38|37|36|35|34|33|32|49|48|47|46|45|44|43|42|41|40|39|38|37|36|35|49|48|47|46|45|44|43|42|41|40|39|49|48,core_weighted:11|network_wide:39,expands_far
chain,50,0.01,0.02,0.0,0.2,3.0,0.3,0.09,50,200,49.0,0.0,0.0,29.08,16.04,49,46|45|44|43|49|48|47|46|45|44|43|42|41|40|39|38|37|36|35|34|33|32|49|48|47|46|45|44|43|42|41|40|39|38|37|36|35|49|48|47|46|45|44|43|42|41|40|39|49|48,46|45|44|43|49|48|47|46|45|44|43|42|41|40|39|38|37|36|35|34|33|32|49|48|47|46|45|44|43|42|41|40|39|38|37|36|35|49|48|47|46|45|44|43|42|41|40|39|49|48,core_weighted:11|network_wide:39,expands_far
chain,50,0.01,0.03,0.0,0.2,3.0,0.3,0.06,50,200,49.0,0.46,0.0,4.58,13.62,49,47|46|45|44|49|48|47|46|45|44|43|42|41|40|39|38|37|36|35|34|33|49|49|48|47|46|45|44|49|49|48|47|46|45|44|43|42|49|48|47|46|45|44|43|42|41|40|39|49|48,47|46|45|44|49|48|47|46|45|44|43|42|41|40|39|38|37|36|35|34|33|49|49|48|47|46|45|44|49|49|48|47|46|45|44|43|42|49|48|47|46|45|44|43|42|41|40|39|49|48,network_wide:50,expands_far
chain,50,0.01,0.03,0.0,0.2,3.0,0.3,0.062,50,200,49.0,0.46,0.0,4.62,13.62,49,47|46|45|44|49|48|47|46|45|44|43|42|41|40|39|38|37|36|35|34|33|49|49|48|47|46|45|44|43|49|48|47|46|45|44|43|42|49|48|47|46|45|44|43|42|41|40|39|49|48,47|46|45|44|49|48|47|46|45|44|43|42|41|40|39|38|37|36|35|34|33|49|49|48|47|46|45|44|43|49|48|47|46|45|44|43|42|49|48|47|46|45|44|43|42|41|40|39|49|48,network_wide:50,expands_far
chain,50,0.01,0.03,0.0,0.2,3.0,0.3,0.064,50,200,49.0,0.18,0.0,4.68,13.9,49,47|46|45|44|49|48|47|46|45|44|43|42|41|40|39|38|37|36|35|34|33|49|49|48|47|46|45|44|43|49|48|47|46|45|44|43|42|49|48|47|46|45|44|43|42|41|40|39|49|48,47|46|45|44|49|48|47|46|45|44|43|42|41|40|39|38|37|36|35|34|33|49|49|48|47|46|45|44|43|49|48|47|46|45|44|43|42|49|48|47|46|45|44|43|42|41|40|39|49|48,network_wide:50,expands_far
chain,50,0.01,0.03,0.0,0.2,3.0,0.3,0.066,50,200,49.0,0.6,0.0,4.68,13.12,49,47|46|45|44|49|48|47|46|45|44|43|42|41|40|39|38|37|36|35|34|33|49|49|48|47|46|45|44|43|49|48|47|46|45|44|43|42|49|48|47|46|45|44|43|42|41|40|39|49|48,47|46|45|44|49|48|47|46|45|44|43|42|41|40|39|38|37|36|35|34|33|49|49|48|47|46|45|44|43|49|48|47|46|45|44|43|42|49|48|47|46|45|44|43|42|41|40|39|49|48,core_weighted:1|network_wide:49,expands_far
chain,50,0.01,0.03,0.0,0.2,3.0,0.3,0.068,50,200,49.0,0.36,0.0,6.1,13.62,49,47|46|45|44|49|48|47|46|45|44|43|42|41|40|39|38|37|36|35|34|33|49|49|48|47|46|45|44|43|49|48|47|46|45|44|43|42|49|48|47|46|45|44|43|42|41|40|39|49|48,47|46|45|44|49|48|47|46|45|44|43|42|41|40|39|38|37|36|35|34|33|49|49|48|47|46|45|44|43|49|48|47|46|45|44|43|42|49|48|47|46|45|44|43|42|41|40|39|49|48,core_weighted:1|network_wide:49,expands_far
chain,50,0.01,0.03,0.0,0.2,3.0,0.3,0.07,50,200,49.0,0.18,0.0,8.2,13.9,49,47|46|45|44|49|48|47|46|45|44|43|42|41|40|39|38|37|36|35|34|33|49|49|48|47|46|45|44|43|49|48|47|46|45|44|43|42|49|48|47|46|45|44|43|42|41|40|39|49|48,47|46|45|44|49|48|47|46|45|44|43|42|41|40|39|38|37|36|35|34|33|49|49|48|47|46|45|44|43|49|48|47|46|45|44|43|42|49|48|47|46|45|44|43|42|41|40|39|49|48,network_wide:50,expands_far
chain,50,0.01,0.03,0.0,0.2,3.0,0.3,0.072,50,200,49.0,0.0,0.0,8.66,14.6,49,46|45|44|43|49|48|47|46|45|44|43|42|41|40|39|38|37|36|35|34|33|49|49|48|47|46|45|44|43|49|48|47|46|45|44|43|42|49|48|47|46|45|44|43|42|41|40|39|49|48,46|45|44|43|49|48|47|46|45|44|43|42|41|40|39|38|37|36|35|34|33|49|49|48|47|46|45|44|43|49|48|47|46|45|44|43|42|49|48|47|46|45|44|43|42|41|40|39|49|48,core_weighted:8|network_wide:42,expands_far
chain,50,0.01,0.03,0.0,0.2,3.0,0.3,0.074,50,200,49.0,0.0,0.0,9.72,14.62,49,46|45|44|43|49|48|47|46|45|44|43|42|41|40|39|38|37|36|35|34|33|32|49|48|47|46|45|44|43|49|48|47|46|45|44|43|42|49|48|47|46|45|44|43|42|41|40|39|49|48,46|45|44|43|49|48|47|46|45|44|43|42|41|40|39|38|37|36|35|34|33|32|49|48|47|46|45|44|43|49|48|47|46|45|44|43|42|49|48|47|46|45|44|43|42|41|40|39|49|48,core_weighted:8|network_wide:42,expands_far
chain,50,0.01,0.03,0.0,0.2,3.0,0.3,0.076,50,200,49.0,0.0,0.0,13.86,15.26,49,46|45|44|43|49|48|47|46|45|44|43|42|41|40|39|38|37|36|35|34|33|32|49|48|47|46|45|44|43|42|41|40|39|38|37|36|35|49|48|47|46|45|44|43|42|41|40|39|49|48,46|45|44|43|49|48|47|46|45|44|43|42|41|40|39|38|37|36|35|34|33|32|49|48|47|46|45|44|43|42|41|40|39|38|37|36|35|49|48|47|46|45|44|43|42|41|40|39|49|48,core_weighted:10|network_wide:40,expands_far
chain,50,0.01,0.03,0.0,0.2,3.0,0.3,0.078,50,200,49.0,0.0,0.0,14.22,15.26,49,46|45|44|43|49|48|47|46|45|44|43|42|41|40|39|38|37|36|35|34|33|32|49|48|47|46|45|44|43|42|41|40|39|38|37|36|35|49|48|47|46|45|44|43|42|41|40|39|49|48,46|45|44|43|49|48|47|46|45|44|43|42|41|40|39|38|37|36|35|34|33|32|49|48|47|46|45|44|43|42|41|40|39|38|37|36|35|49|48|47|46|45|44|43|42|41|40|39|49|48,core_weighted:12|network_wide:38,expands_far
chain,50,0.01,0.03,0.0,0.2,3.0,0.3,0.08,50,200,49.0,0.0,0.0,18.64,15.62,49,46|45|44|43|49|48|47|46|45|44|43|42|41|40|39|38|37|36|35|34|33|32|49|48|47|46|45|44|43|42|41|40|39|38|37|36|35|49|48|47|46|45|44|43|42|41|40|39|49|48,46|45|44|43|49|48|47|46|45|44|43|42|41|40|39|38|37|36|35|34|33|32|49|48|47|46|45|44|43|42|41|40|39|38|37|36|35|49|48|47|46|45|44|43|42|41|40|39|49|48,core_weighted:12|network_wide:38,expands_far
chain,50,0.01,0.03,0.0,0.2,3.0,0.3,0.082,50,200,49.0,0.0,0.0,25.88,15.92,49,46|45|44|43|49|48|47|46|45|44|43|42|41|40|39|38|37|36|35|34|33|32|49|48|47|46|45|44|43|42|41|40|39|38|37|36|35|49|48|47|46|45|44|43|42|41|40|39|49|48,46|45|44|43|49|48|47|46|45|44|43|42|41|40|39|38|37|36|35|34|33|32|49|48|47|46|45|44|43|42|41|40|39|38|37|36|35|49|48|47|46|45|44|43|42|41|40|39|49|48,core_weighted:12|network_wide:38,expands_far
chain,50,0.01,0.03,0.0,0.2,3.0,0.3,0.084,50,200,49.0,0.0,0.0,27.02,15.92,49,46|45|44|43|49|48|47|46|45|44|43|42|41|40|39|38|37|36|35|34|33|32|49|48|47|46|45|44|43|42|41|40|39|38|37|36|35|49|48|47|46|45|44|43|42|41|40|39|49|48,46|45|44|43|49|48|47|46|45|44|43|42|41|40|39|38|37|36|35|34|33|32|49|48|47|46|45|44|43|42|41|40|39|38|37|36|35|49|48|47|46|45|44|43|42|41|40|39|49|48,core_weighted:11|network_wide:39,expands_far
chain,50,0.01,0.03,0.0,0.2,3.0,0.3,0.086,50,200,49.0,0.0,0.0,27.08,15.92,49,47|46|45|44|49|48|47|46|45|44|43|42|41|40|39|38|37|36|35|34|33|32|49|48|47|46|45|44|43|42|41|40|39|38|37|36|35|49|48|47|46|45|44|43|42|41|40|39|49|48,47|46|45|44|49|48|47|46|45|44|43|42|41|40|39|38|37|36|35|34|33|32|49|48|47|46|45|44|43|42|41|40|39|38|37|36|35|49|48|47|46|45|44|43|42|41|40|39|49|48,core_weighted:13|network_wide:37,expands_far
chain,50,0.01,0.03,0.0,0.2,3.0,0.3,0.088,50,200,49.0,0.0,0.0,29.04,16.04,49,46|45|44|43|49|48|47|46|45|44|43|42|41|40|39|38|37|36|35|34|33|32|49|48|47|46|45|44|43|42|41|40|39|38|37|36|35|49|48|47|46|45|44|43|42|41|40|39|49|48,46|45|44|43|49|48|47|46|45|44|43|42|41|40|39|38|37|36|35|34|33|32|49|48|47|46|45|44|43|42|41|40|39|38|37|36|35|49|48|47|46|45|44|43|42|41|40|39|49|48,core_weighted:11|network_wide:39,expands_far
chain,50,0.01,0.03,0.0,0.2,3.0,0.3,0.09,50,200,49.0,0.0,0.0,29.08,16.04,49,46|45|44|43|49|48|47|46|45|44|43|42|41|40|39|38|37|36|35|34|33|32|49|48|47|46|45|44|43|42|41|40|39|38|37|36|35|49|48|47|46|45|44|43|42|41|40|39|49|48,46|45|44|43|49|48|47|46|45|44|43|42|41|40|39|38|37|36|35|34|33|32|49|48|47|46|45|44|43|42|41|40|39|38|37|36|35|49|48|47|46|45|44|43|42|41|40|39|49|48,core_weighted:11|network_wide:39,expands_far
star,50,0.01,0.02,0.0,0.2,3.0,0.3,0.06,50,200,49.0,0.52,0.0,4.56,14.18,49,47|46|45|44|49|48|47|46|45|44|43|42|41|40|39|38|37|36|35|34|33|32|49|48|47|46|45|44|49|49|48|47|46|45|44|43|42|49|48|47|46|45|44|43|42|41|40|39|49|48,47|46|45|44|49|48|47|46|45|44|43|42|41|40|39|38|37|36|35|34|33|32|49|48|47|46|45|44|49|49|48|47|46|45|44|43|42|49|48|47|46|45|44|43|42|41|40|39|49|48,hub_localized:50,expands_far
star,50,0.01,0.02,0.0,0.2,3.0,0.3,0.062,50,200,49.0,0.5,0.0,4.62,14.2,49,47|46|45|44|49|48|47|46|45|44|43|42|41|40|39|38|37|36|35|34|33|32|49|48|47|46|45|44|49|49|48|47|46|45|44|43|42|49|48|47|46|45|44|43|42|41|40|39|49|48,47|46|45|44|49|48|47|46|45|44|43|42|41|40|39|38|37|36|35|34|33|32|49|48|47|46|45|44|49|49|48|47|46|45|44|43|42|49|48|47|46|45|44|43|42|41|40|39|49|48,hub_localized:50,expands_far
star,50,0.01,0.02,0.0,0.2,3.0,0.3,0.064,50,200,49.0,0.64,0.0,4.66,13.74,49,47|46|45|44|49|48|47|46|45|44|43|42|41|40|39|38|37|36|35|34|33|32|49|48|47|46|45|44|49|49|48|47|46|45|44|43|42|49|48|47|46|45|44|43|42|41|40|39|49|48,47|46|45|44|49|48|47|46|45|44|43|42|41|40|39|38|37|36|35|34|33|32|49|48|47|46|45|44|49|49|48|47|46|45|44|43|42|49|48|47|46|45|44|43|42|41|40|39|49|48,hub_localized:50,expands_far
star,50,0.01,0.02,0.0,0.2,3.0,0.3,0.066,50,200,49.0,0.52,0.0,4.68,14.1,49,47|46|45|44|49|48|47|46|45|44|43|42|41|40|39|38|37|36|35|34|33|32|49|48|47|46|45|44|49|49|48|47|46|45|44|43|42|49|48|47|46|45|44|43|42|41|40|39|49|48,47|46|45|44|49|48|47|46|45|44|43|42|41|40|39|38|37|36|35|34|33|32|49|48|47|46|45|44|49|49|48|47|46|45|44|43|42|49|48|47|46|45|44|43|42|41|40|39|49|48,hub_localized:50,expands_far
star,50,0.01,0.02,0.0,0.2,3.0,0.3,0.068,50,200,49.0,0.4,0.0,4.68,14.2,49,47|46|45|44|49|48|47|46|45|44|43|42|41|40|39|38|37|36|35|34|33|32|49|48|47|46|45|44|43|49|48|47|46|45|44|43|42|49|48|47|46|45|44|43|42|41|40|39|49|48,47|46|45|44|49|48|47|46|45|44|43|42|41|40|39|38|37|36|35|34|33|32|49|48|47|46|45|44|43|49|48|47|46|45|44|43|42|49|48|47|46|45|44|43|42|41|40|39|49|48,hub_localized:50,expands_far
star,50,0.01,0.02,0.0,0.2,3.0,0.3,0.07,50,200,49.0,0.24,0.0,7.54,14.6,49,46|46|45|43|49|48|47|46|45|44|43|42|41|40|39|38|37|36|35|34|33|32|49|48|47|46|45|44|43|49|48|47|46|45|44|43|42|49|48|47|46|45|44|43|42|41|40|39|49|48,46|46|45|43|49|48|47|46|45|44|43|42|41|40|39|38|37|36|35|34|33|32|49|48|47|46|45|44|43|49|48|47|46|45|44|43|42|49|48|47|46|45|44|43|42|41|40|39|49|48,hub_localized:50,expands_far
star,50,0.01,0.02,0.0,0.2,3.0,0.3,0.072,50,200,49.0,0.06,0.0,8.62,14.62,49,46|45|44|43|49|48|47|46|45|44|43|42|41|40|39|38|37|36|35|34|33|32|49|48|47|46|45|44|43|49|48|47|46|45|44|43|42|49|48|47|46|45|44|43|42|41|40|39|49|48,46|45|44|43|49|48|47|46|45|44|43|42|41|40|39|38|37|36|35|34|33|32|49|48|47|46|45|44|43|49|48|47|46|45|44|43|42|49|48|47|46|45|44|43|42|41|40|39|49|48,hub_localized:50,expands_far
star,50,0.01,0.02,0.0,0.2,3.0,0.3,0.074,50,200,49.0,0.06,0.0,10.26,14.86,49,46|45|44|43|49|48|47|46|45|44|43|42|41|40|39|38|37|36|35|34|33|32|49|48|47|46|45|44|43|42|41|47|46|38|37|36|42|49|48|47|46|45|44|43|42|41|40|39|49|48,46|45|44|43|49|48|47|46|45|44|43|42|41|40|39|38|37|36|35|34|33|32|49|48|47|46|45|44|43|42|41|47|46|38|37|36|42|49|48|47|46|45|44|43|42|41|40|39|49|48,hub_localized:50,expands_far
star,50,0.01,0.02,0.0,0.2,3.0,0.3,0.076,50,200,49.0,0.0,0.0,13.02,14.98,49,46|45|44|43|49|48|47|46|45|44|43|42|41|40|39|38|37|36|35|34|33|32|49|48|47|46|45|44|43|42|41|40|39|38|37|36|35|49|48|47|46|45|44|43|42|41|40|39|49|48,46|45|44|43|49|48|47|46|45|44|43|42|41|40|39|38|37|36|35|34|33|32|49|48|47|46|45|44|43|42|41|40|39|38|37|36|35|49|48|47|46|45|44|43|42|41|40|39|49|48,hub_localized:50,expands_far
star,50,0.01,0.02,0.0,0.2,3.0,0.3,0.078,50,200,49.0,0.0,0.0,13.66,15.02,49,46|45|44|43|49|48|47|46|45|44|43|42|41|40|39|38|37|36|35|34|33|32|49|48|47|46|45|44|43|42|41|40|39|38|37|36|35|49|48|47|46|45|44|43|42|41|40|39|49|48,46|45|44|43|49|48|47|46|45|44|43|42|41|40|39|38|37|36|35|34|33|32|49|48|47|46|45|44|43|42|41|40|39|38|37|36|35|49|48|47|46|45|44|43|42|41|40|39|49|48,hub_localized:50,expands_far
star,50,0.01,0.02,0.0,0.2,3.0,0.3,0.08,50,200,49.0,0.0,0.0,16.84,15.58,49,46|46|44|43|49|48|47|46|45|44|43|42|41|40|39|38|37|36|35|34|33|32|49|48|47|46|45|44|43|42|41|40|39|38|37|36|35|49|48|47|46|45|44|43|42|41|40|39|49|48,46|46|44|43|49|48|47|46|45|44|43|42|41|40|39|38|37|36|35|34|33|32|49|48|47|46|45|44|43|42|41|40|39|38|37|36|35|49|48|47|46|45|44|43|42|41|40|39|49|48,hub_localized:50,expands_far
star,50,0.01,0.02,0.0,0.2,3.0,0.3,0.082,50,200,49.0,0.0,0.0,17.7,15.62,49,46|46|44|43|49|48|47|46|45|44|43|42|41|40|39|38|37|36|35|34|33|32|49|48|47|46|45|44|43|42|41|40|39|38|37|36|35|49|48|47|46|45|44|43|42|41|40|39|49|48,46|46|44|43|49|48|47|46|45|44|43|42|41|40|39|38|37|36|35|34|33|32|49|48|47|46|45|44|43|42|41|40|39|38|37|36|35|49|48|47|46|45|44|43|42|41|40|39|49|48,hub_localized:50,expands_far
star,50,0.01,0.02,0.0,0.2,3.0,0.3,0.084,50,200,49.0,0.0,0.0,18.82,15.56,49,46|46|44|43|49|48|47|46|45|44|43|42|41|40|39|38|37|36|35|34|33|32|49|48|47|46|45|44|43|42|41|40|39|38|37|36|35|49|48|47|46|45|44|43|42|41|40|39|49|48,46|46|44|43|49|48|47|46|45|44|43|42|41|40|39|38|37|36|35|34|33|32|49|48|47|46|45|44|43|42|41|40|39|38|37|36|35|49|48|47|46|45|44|43|42|41|40|39|49|48,hub_localized:50,expands_far
star,50,0.01,0.02,0.0,0.2,3.0,0.3,0.086,50,200,49.0,0.0,0.0,23.64,15.92,49,46|46|44|43|49|48|47|46|45|44|43|42|41|40|39|38|37|36|35|34|33|32|49|48|47|46|45|44|43|42|41|40|39|38|37|36|35|49|48|47|46|45|44|43|42|41|40|39|49|48,46|46|44|43|49|48|47|46|45|44|43|42|41|40|39|38|37|36|35|34|33|32|49|48|47|46|45|44|43|42|41|40|39|38|37|36|35|49|48|47|46|45|44|43|42|41|40|39|49|48,hub_localized:50,expands_far
star,50,0.01,0.02,0.0,0.2,3.0,0.3,0.088,50,200,49.0,0.0,0.0,27.06,15.92,49,46|46|44|43|49|48|47|46|45|44|43|42|41|40|39|38|37|36|35|34|33|32|49|48|47|46|45|44|43|42|41|40|39|38|37|36|35|49|48|47|46|45|44|43|42|41|40|39|49|48,46|46|44|43|49|48|47|46|45|44|43|42|41|40|39|38|37|36|35|34|33|32|49|48|47|46|45|44|43|42|41|40|39|38|37|36|35|49|48|47|46|45|44|43|42|41|40|39|49|48,hub_localized:50,expands_far
star,50,0.01,0.02,0.0,0.2,3.0,0.3,0.09,50,200,49.0,0.0,0.0,29.02,16.04,49,47|46|44|43|49|48|47|46|45|44|43|42|41|40|39|38|37|36|35|34|33|32|49|48|47|46|45|44|43|42|41|40|39|38|37|36|35|49|48|47|46|45|44|43|42|41|40|39|49|48,47|46|44|43|49|48|47|46|45|44|43|42|41|40|39|38|37|36|35|34|33|32|49|48|47|46|45|44|43|42|41|40|39|38|37|36|35|49|48|47|46|45|44|43|42|41|40|39|49|48,hub_localized:50,expands_far
star,50,0.01,0.03,0.0,0.2,3.0,0.3,0.06,50,200,49.0,0.52,0.0,4.52,14.18,49,47|46|45|44|49|48|47|46|45|44|43|42|41|40|39|38|37|36|35|34|33|32|49|48|47|46|45|44|49|49|48|47|46|45|44|43|42|49|48|47|46|45|44|43|42|41|40|39|49|48,47|46|45|44|49|48|47|46|45|44|43|42|41|40|39|38|37|36|35|34|33|32|49|48|47|46|45|44|49|49|48|47|46|45|44|43|42|49|48|47|46|45|44|43|42|41|40|39|49|48,hub_localized:50,expands_far
star,50,0.01,0.03,0.0,0.2,3.0,0.3,0.062,50,200,49.0,0.5,0.0,4.58,14.18,49,47|46|45|44|49|48|47|46|45|44|43|42|41|40|39|38|37|36|35|34|33|32|49|48|47|46|45|44|49|49|47|47|46|45|44|43|42|49|48|47|46|45|44|43|42|41|40|39|49|48,47|46|45|44|49|48|47|46|45|44|43|42|41|40|39|38|37|36|35|34|33|32|49|48|47|46|45|44|49|49|47|47|46|45|44|43|42|49|48|47|46|45|44|43|42|41|40|39|49|48,hub_localized:50,expands_far
star,50,0.01,0.03,0.0,0.2,3.0,0.3,0.064,50,200,49.0,0.64,0.0,4.66,13.74,49,47|46|45|44|49|48|47|46|45|44|43|42|41|40|39|38|37|36|35|34|33|32|49|48|47|46|45|44|49|49|48|47|46|45|44|43|42|49|48|47|46|45|44|43|42|41|40|39|49|48,47|46|45|44|49|48|47|46|45|44|43|42|41|40|39|38|37|36|35|34|33|32|49|48|47|46|45|44|49|49|48|47|46|45|44|43|42|49|48|47|46|45|44|43|42|41|40|39|49|48,hub_localized:50,expands_far
star,50,0.01,0.03,0.0,0.2,3.0,0.3,0.066,50,200,49.0,0.52,0.0,4.68,14.1,49,47|46|45|44|49|48|47|46|45|44|43|42|41|40|39|38|37|36|35|34|33|32|49|48|47|46|45|44|49|49|48|47|46|45|44|43|42|49|48|47|46|45|44|43|42|41|40|39|49|48,47|46|45|44|49|48|47|46|45|44|43|42|41|40|39|38|37|36|35|34|33|32|49|48|47|46|45|44|49|49|48|47|46|45|44|43|42|49|48|47|46|45|44|43|42|41|40|39|49|48,hub_localized:50,expands_far
star,50,0.01,0.03,0.0,0.2,3.0,0.3,0.068,50,200,49.0,0.4,0.0,4.68,14.2,49,47|46|45|44|49|48|47|46|45|44|43|42|41|40|39|38|37|36|35|34|33|32|49|48|47|46|45|44|43|49|48|47|46|45|44|43|42|49|48|47|46|45|44|43|42|41|40|39|49|48,47|46|45|44|49|48|47|46|45|44|43|42|41|40|39|38|37|36|35|34|33|32|49|48|47|46|45|44|43|49|48|47|46|45|44|43|42|49|48|47|46|45|44|43|42|41|40|39|49|48,hub_localized:50,expands_far
star,50,0.01,0.03,0.0,0.2,3.0,0.3,0.07,50,200,49.0,0.26,0.0,7.54,14.58,49,46|46|45|43|49|48|47|46|45|44|43|42|41|40|39|38|37|36|35|34|33|32|49|48|47|46|45|44|43|49|48|47|46|45|44|43|42|49|48|47|46|45|44|43|42|41|40|39|49|48,46|46|45|43|49|48|47|46|45|44|43|42|41|40|39|38|37|36|35|34|33|32|49|48|47|46|45|44|43|49|48|47|46|45|44|43|42|49|48|47|46|45|44|43|42|41|40|39|49|48,hub_localized:50,expands_far
star,50,0.01,0.03,0.0,0.2,3.0,0.3,0.072,50,200,49.0,0.08,0.0,9.16,14.66,49,46|45|44|43|49|48|47|46|45|44|43|42|41|40|39|38|37|36|35|34|33|32|49|48|47|46|45|44|43|49|48|47|46|45|44|43|42|49|48|47|46|45|44|43|42|41|40|39|49|48,46|45|44|43|49|48|47|46|45|44|43|42|41|40|39|38|37|36|35|34|33|32|49|48|47|46|45|44|43|49|48|47|46|45|44|43|42|49|48|47|46|45|44|43|42|41|40|39|49|48,hub_localized:50,expands_far
star,50,0.01,0.03,0.0,0.2,3.0,0.3,0.074,50,200,49.0,0.06,0.0,10.38,14.86,49,46|45|44|43|49|48|47|46|45|44|43|42|41|40|39|38|37|36|35|34|33|32|49|48|47|46|45|44|43|42|41|47|46|38|37|36|42|49|48|47|46|45|44|43|42|41|40|39|49|48,46|45|44|43|49|48|47|46|45|44|43|42|41|40|39|38|37|36|35|34|33|32|49|48|47|46|45|44|43|42|41|47|46|38|37|36|42|49|48|47|46|45|44|43|42|41|40|39|49|48,hub_localized:50,expands_far
star,50,0.01,0.03,0.0,0.2,3.0,0.3,0.076,50,200,49.0,0.0,0.0,13.02,15.06,49,46|45|44|43|49|48|47|46|45|44|43|42|41|40|39|38|37|36|35|34|33|32|49|48|47|46|45|44|43|42|41|40|39|38|37|36|35|49|48|47|46|45|44|43|42|41|40|39|49|48,46|45|44|43|49|48|47|46|45|44|43|42|41|40|39|38|37|36|35|34|33|32|49|48|47|46|45|44|43|42|41|40|39|38|37|36|35|49|48|47|46|45|44|43|42|41|40|39|49|48,hub_localized:50,expands_far
star,50,0.01,0.03,0.0,0.2,3.0,0.3,0.078,50,200,49.0,0.0,0.0,13.66,15.02,49,46|45|44|43|49|48|47|46|45|44|43|42|41|40|39|38|37|36|35|34|33|32|49|48|47|46|45|44|43|42|41|40|39|38|37|36|35|49|48|47|46|45|44|43|42|41|40|39|49|48,46|45|44|43|49|48|47|46|45|44|43|42|41|40|39|38|37|36|35|34|33|32|49|48|47|46|45|44|43|42|41|40|39|38|37|36|35|49|48|47|46|45|44|43|42|41|40|39|49|48,hub_localized:50,expands_far
star,50,0.01,0.03,0.0,0.2,3.0,0.3,0.08,50,200,49.0,0.0,0.0,16.62,15.58,49,46|46|44|43|49|48|47|46|45|44|43|42|41|40|39|38|37|36|35|34|33|32|49|48|47|46|45|44|43|42|41|40|39|38|37|36|35|49|48|47|46|45|44|43|42|41|40|39|49|48,46|46|44|43|49|48|47|46|45|44|43|42|41|40|39|38|37|36|35|34|33|32|49|48|47|46|45|44|43|42|41|40|39|38|37|36|35|49|48|47|46|45|44|43|42|41|40|39|49|48,hub_localized:50,expands_far
star,50,0.01,0.03,0.0,0.2,3.0,0.3,0.082,50,200,49.0,0.0,0.0,17.68,15.62,49,46|46|44|43|49|48|47|46|45|44|43|42|41|40|39|38|37|36|35|34|33|32|49|48|47|46|45|44|43|42|41|40|39|38|37|36|35|49|48|47|46|45|44|43|42|41|40|39|49|48,46|46|44|43|49|48|47|46|45|44|43|42|41|40|39|38|37|36|35|34|33|32|49|48|47|46|45|44|43|42|41|40|39|38|37|36|35|49|48|47|46|45|44|43|42|41|40|39|49|48,hub_localized:50,expands_far
star,50,0.01,0.03,0.0,0.2,3.0,0.3,0.084,50,200,49.0,0.0,0.0,18.26,15.54,49,46|46|44|43|49|48|47|46|45|44|43|42|41|40|39|38|37|36|35|34|33|32|49|48|47|46|45|44|43|42|41|40|39|38|37|36|35|49|48|47|46|45|44|43|42|41|40|39|49|48,46|46|44|43|49|48|47|46|45|44|43|42|41|40|39|38|37|36|35|34|33|32|49|48|47|46|45|44|43|42|41|40|39|38|37|36|35|49|48|47|46|45|44|43|42|41|40|39|49|48,hub_localized:50,expands_far
star,50,0.01,0.03,0.0,0.2,3.0,0.3,0.086,50,200,49.0,0.0,0.0,23.64,15.92,49,46|46|44|43|49|48|47|46|45|44|43|42|41|40|39|38|37|36|35|34|33|32|49|48|47|46|45|44|43|42|41|40|39|38|37|36|35|49|48|47|46|45|44|43|42|41|40|39|49|48,46|46|44|43|49|48|47|46|45|44|43|42|41|40|39|38|37|36|35|34|33|32|49|48|47|46|45|44|43|42|41|40|39|38|37|36|35|49|48|47|46|45|44|43|42|41|40|39|49|48,hub_localized:50,expands_far
star,50,0.01,0.03,0.0,0.2,3.0,0.3,0.088,50,200,49.0,0.0,0.0,27.04,15.92,49,46|46|44|43|49|48|47|46|45|44|43|42|41|40|39|38|37|36|35|34|33|32|49|48|47|46|45|44|43|42|41|40|39|38|37|36|35|49|48|47|46|45|44|43|42|41|40|39|49|48,46|46|44|43|49|48|47|46|45|44|43|42|41|40|39|38|37|36|35|34|33|32|49|48|47|46|45|44|43|42|41|40|39|38|37|36|35|49|48|47|46|45|44|43|42|41|40|39|49|48,hub_localized:50,expands_far
star,50,0.01,0.03,0.0,0.2,3.0,0.3,0.09,50,200,49.0,0.0,0.0,27.92,16.04,49,47|46|44|43|49|48|47|46|45|44|43|42|41|40|39|38|37|36|35|34|33|32|49|48|47|46|45|44|43|42|41|40|39|38|37|36|35|49|48|47|46|45|44|43|42|41|40|39|49|48,47|46|44|43|49|48|47|46|45|44|43|42|41|40|39|38|37|36|35|34|33|32|49|48|47|46|45|44|43|42|41|40|39|38|37|36|35|49|48|47|46|45|44|43|42|41|40|39|49|48,hub_localized:50,expands_far
random-sparse,50,0.01,0.02,0.0,0.2,3.0,0.3,0.06,50,200,116.62,0.42,0.0,4.56,13.8,49,47|46|45|44|49|48|47|46|45|44|43|42|41|40|39|38|37|36|35|34|33|49|49|48|47|46|45|44|43|49|48|47|46|45|44|43|42|49|48|47|46|45|44|43|42|41|40|39|49|48,47|46|45|44|49|48|47|46|45|44|43|42|41|40|39|38|37|36|35|34|33|49|49|48|47|46|45|44|43|49|48|47|46|45|44|43|42|49|48|47|46|45|44|43|42|41|40|39|49|48,network_wide:50,expands_far
random-sparse,50,0.01,0.02,0.0,0.2,3.0,0.3,0.062,50,200,116.62,0.38,0.0,4.62,13.92,49,47|46|45|44|49|48|47|46|45|44|43|42|41|40|39|38|37|36|35|34|33|32|49|48|47|46|45|44|43|49|48|47|46|45|44|43|42|49|48|47|46|45|44|43|42|41|40|39|49|48,47|46|45|44|49|48|47|46|45|44|43|42|41|40|39|38|37|36|35|34|33|32|49|48|47|46|45|44|43|49|48|47|46|45|44|43|42|49|48|47|46|45|44|43|42|41|40|39|49|48,network_wide:50,expands_far
random-sparse,50,0.01,0.02,0.0,0.2,3.0,0.3,0.064,50,200,116.62,0.28,0.0,4.68,14.14,49,47|46|45|44|49|48|47|46|45|44|43|42|41|40|39|38|37|36|35|34|33|49|49|48|47|46|45|44|43|49|48|47|46|45|44|43|42|49|48|47|46|45|44|43|42|41|40|39|49|48,47|46|45|44|49|48|47|46|45|44|43|42|41|40|39|38|37|36|35|34|33|49|49|48|47|46|45|44|43|49|48|47|46|45|44|43|42|49|48|47|46|45|44|43|42|41|40|39|49|48,network_wide:50,expands_far
random-sparse,50,0.01,0.02,0.0,0.2,3.0,0.3,0.066,50,200,116.62,0.42,0.0,4.68,13.98,49,47|46|45|44|49|48|47|46|45|44|43|42|41|40|39|38|37|36|35|34|33|32|49|48|47|46|45|44|43|49|48|47|46|45|44|43|42|49|48|47|46|45|44|43|42|41|40|39|49|48,47|46|45|44|49|48|47|46|45|44|43|42|41|40|39|38|37|36|35|34|33|32|49|48|47|46|45|44|43|49|48|47|46|45|44|43|42|49|48|47|46|45|44|43|42|41|40|39|49|48,network_wide:50,expands_far
random-sparse,50,0.01,0.02,0.0,0.2,3.0,0.3,0.068,50,200,116.62,0.3,0.0,6.1,14.34,49,47|46|45|44|49|48|47|46|45|44|43|42|41|40|39|38|37|36|35|34|33|32|49|48|47|46|45|44|43|49|48|47|46|45|44|43|42|49|48|47|46|45|44|43|42|41|40|39|49|48,47|46|45|44|49|48|47|46|45|44|43|42|41|40|39|38|37|36|35|34|33|32|49|48|47|46|45|44|43|49|48|47|46|45|44|43|42|49|48|47|46|45|44|43|42|41|40|39|49|48,network_wide:50,expands_far
random-sparse,50,0.01,0.02,0.0,0.2,3.0,0.3,0.07,50,200,116.62,0.22,0.0,8.2,14.52,49,47|46|45|44|49|48|47|46|45|44|43|42|41|40|39|38|37|36|35|34|33|32|49|48|47|46|45|44|43|49|48|47|46|45|44|43|42|49|48|47|46|45|44|43|42|41|40|39|49|48,47|46|45|44|49|48|47|46|45|44|43|42|41|40|39|38|37|36|35|34|33|32|49|48|47|46|45|44|43|49|48|47|46|45|44|43|42|49|48|47|46|45|44|43|42|41|40|39|49|48,network_wide:50,expands_far
random-sparse,50,0.01,0.02,0.0,0.2,3.0,0.3,0.072,50,200,116.62,0.0,0.0,8.22,14.62,49,46|45|44|43|49|48|47|46|45|44|43|42|41|40|39|38|37|36|35|34|33|32|49|48|47|46|45|44|43|49|48|47|46|45|44|43|42|49|48|47|46|45|44|43|42|41|40|39|49|48,46|45|44|43|49|48|47|46|45|44|43|42|41|40|39|38|37|36|35|34|33|32|49|48|47|46|45|44|43|49|48|47|46|45|44|43|42|49|48|47|46|45|44|43|42|41|40|39|49|48,network_wide:50,expands_far
random-sparse,50,0.01,0.02,0.0,0.2,3.0,0.3,0.074,50,200,116.62,0.02,0.0,9.72,14.66,49,46|45|44|43|49|48|47|46|45|44|43|42|41|40|39|38|37|36|35|34|33|32|49|48|47|46|45|44|43|49|48|47|46|45|44|43|42|49|48|47|46|45|44|43|42|41|40|39|49|48,46|45|44|43|49|48|47|46|45|44|43|42|41|40|39|38|37|36|35|34|33|32|49|48|47|46|45|44|43|49|48|47|46|45|44|43|42|49|48|47|46|45|44|43|42|41|40|39|49|48,network_wide:50,expands_far
random-sparse,50,0.01,0.02,0.0,0.2,3.0,0.3,0.076,50,200,116.62,0.0,0.0,13.02,15.06,49,46|45|44|43|49|48|47|46|45|44|43|42|41|40|39|38|37|36|35|34|33|32|49|48|47|46|45|44|43|42|41|40|39|38|37|36|35|49|48|47|46|45|44|43|42|41|40|39|49|48,46|45|44|43|49|48|47|46|45|44|43|42|41|40|39|38|37|36|35|34|33|32|49|48|47|46|45|44|43|42|41|40|39|38|37|36|35|49|48|47|46|45|44|43|42|41|40|39|49|48,network_wide:50,expands_far
random-sparse,50,0.01,0.02,0.0,0.2,3.0,0.3,0.078,50,200,116.62,0.0,0.0,13.66,15.14,49,46|45|44|43|49|48|47|46|45|44|43|42|41|40|39|38|37|36|35|34|33|32|49|48|47|46|45|44|43|42|41|40|39|38|37|36|35|49|48|47|46|45|44|43|42|41|40|39|49|48,46|45|44|43|49|48|47|46|45|44|43|42|41|40|39|38|37|36|35|34|33|32|49|48|47|46|45|44|43|42|41|40|39|38|37|36|35|49|48|47|46|45|44|43|42|41|40|39|49|48,network_wide:50,expands_far
random-sparse,50,0.01,0.02,0.0,0.2,3.0,0.3,0.08,50,200,116.62,0.0,0.0,16.62,15.56,49,46|45|44|43|49|48|47|46|45|44|43|42|41|40|39|38|37|36|35|34|33|32|49|48|47|46|45|44|43|42|41|40|39|38|37|36|35|49|48|47|46|45|44|43|42|41|40|39|49|48,46|45|44|43|49|48|47|46|45|44|43|42|41|40|39|38|37|36|35|34|33|32|49|48|47|46|45|44|43|42|41|40|39|38|37|36|35|49|48|47|46|45|44|43|42|41|40|39|49|48,network_wide:50,expands_far
random-sparse,50,0.01,0.02,0.0,0.2,3.0,0.3,0.082,50,200,116.62,0.0,0.0,20.28,15.92,49,46|45|44|44|49|48|47|46|45|44|43|42|41|40|39|38|37|36|35|34|33|32|49|48|47|46|45|44|43|42|41|40|39|38|37|36|35|49|48|47|46|45|44|43|42|41|40|39|49|48,46|45|44|44|49|48|47|46|45|44|43|42|41|40|39|38|37|36|35|34|33|32|49|48|47|46|45|44|43|42|41|40|39|38|37|36|35|49|48|47|46|45|44|43|42|41|40|39|49|48,network_wide:50,expands_far
random-sparse,50,0.01,0.02,0.0,0.2,3.0,0.3,0.084,50,200,116.62,0.0,0.0,24.64,15.92,49,46|46|45|44|49|48|47|46|45|44|43|42|41|40|39|38|37|36|35|34|33|32|49|48|47|46|45|44|43|42|41|40|39|38|37|36|35|49|48|47|46|45|44|43|42|41|40|39|49|48,46|46|45|44|49|48|47|46|45|44|43|42|41|40|39|38|37|36|35|34|33|32|49|48|47|46|45|44|43|42|41|40|39|38|37|36|35|49|48|47|46|45|44|43|42|41|40|39|49|48,network_wide:50,expands_far
random-sparse,50,0.01,0.02,0.0,0.2,3.0,0.3,0.086,50,200,116.62,0.0,0.0,26.56,15.92,49,46|46|45|43|49|48|47|46|45|44|43|42|41|40|39|38|37|36|35|34|33|32|49|48|47|46|45|44|43|42|41|40|39|38|37|36|35|49|48|47|46|45|44|43|42|41|40|39|49|48,46|46|45|43|49|48|47|46|45|44|43|42|41|40|39|38|37|36|35|34|33|32|49|48|47|46|45|44|43|42|41|40|39|38|37|36|35|49|48|47|46|45|44|43|42|41|40|39|49|48,network_wide:50,expands_far
random-sparse,50,0.01,0.02,0.0,0.2,3.0,0.3,0.088,50,200,116.62,0.0,0.0,29.04,16.14,49,46|46|45|43|49|48|47|46|45|44|43|42|41|40|39|38|37|36|35|34|33|32|49|48|47|46|45|44|43|42|41|40|39|38|37|36|35|49|48|47|46|45|44|43|42|41|40|39|49|48,46|46|45|43|49|48|47|46|45|44|43|42|41|40|39|38|37|36|35|34|33|32|49|48|47|46|45|44|43|42|41|40|39|38|37|36|35|49|48|47|46|45|44|43|42|41|40|39|49|48,network_wide:50,expands_far
random-sparse,50,0.01,0.02,0.0,0.2,3.0,0.3,0.09,50,200,116.62,0.0,0.0,29.08,16.1,49,46|45|45|43|49|48|47|46|45|44|43|42|41|40|39|38|37|36|35|34|33|32|49|48|47|46|45|44|43|42|41|40|39|38|37|36|35|49|48|47|46|45|44|43|42|41|40|39|49|48,46|45|45|43|49|48|47|46|45|44|43|42|41|40|39|38|37|36|35|34|33|32|49|48|47|46|45|44|43|42|41|40|39|38|37|36|35|49|48|47|46|45|44|43|42|41|40|39|49|48,network_wide:50,expands_far
random-sparse,50,0.01,0.03,0.0,0.2,3.0,0.3,0.06,50,200,116.62,0.44,0.0,4.56,13.76,49,47|46|45|44|49|48|47|46|45|44|43|42|41|40|39|38|37|36|35|34|33|49|49|48|47|46|45|44|43|49|48|47|46|45|44|43|42|49|48|47|46|45|44|43|42|41|40|39|49|48,47|46|45|44|49|48|47|46|45|44|43|42|41|40|39|38|37|36|35|34|33|49|49|48|47|46|45|44|43|49|48|47|46|45|44|43|42|49|48|47|46|45|44|43|42|41|40|39|49|48,network_wide:50,expands_far
random-sparse,50,0.01,0.03,0.0,0.2,3.0,0.3,0.062,50,200,116.62,0.4,0.0,4.62,13.82,49,47|46|45|44|49|48|47|46|45|44|43|42|41|40|39|38|37|36|35|34|33|32|49|48|47|46|45|44|43|49|48|47|46|45|44|43|42|49|48|47|46|45|44|43|42|41|40|39|49|48,47|46|45|44|49|48|47|46|45|44|43|42|41|40|39|38|37|36|35|34|33|32|49|48|47|46|45|44|43|49|48|47|46|45|44|43|42|49|48|47|46|45|44|43|42|41|40|39|49|48,network_wide:50,expands_far
random-sparse,50,0.01,0.03,0.0,0.2,3.0,0.3,0.064,50,200,116.62,0.3,0.0,4.68,13.94,49,47|46|45|44|49|48|47|46|45|44|43|42|41|40|39|38|37|36|35|34|33|49|49|48|47|46|45|44|43|49|48|47|46|45|44|43|42|49|48|47|46|45|44|43|42|41|40|39|49|48,47|46|45|44|49|48|47|46|45|44|43|42|41|40|39|38|37|36|35|34|33|49|49|48|47|46|45|44|43|49|48|47|46|45|44|43|42|49|48|47|46|45|44|43|42|41|40|39|49|48,network_wide:50,expands_far
random-sparse,50,0.01,0.03,0.0,0.2,3.0,0.3,0.066,50,200,116.62,0.46,0.0,4.68,13.58,49,47|46|45|44|49|48|47|46|45|44|43|42|41|40|39|38|37|36|35|34|33|49|49|48|47|46|45|44|43|49|48|47|46|45|44|43|42|49|48|47|46|45|44|43|42|41|40|39|49|48,47|46|45|44|49|48|47|46|45|44|43|42|41|40|39|38|37|36|35|34|33|49|49|48|47|46|45|44|43|49|48|47|46|45|44|43|42|49|48|47|46|45|44|43|42|41|40|39|49|48,network_wide:50,expands_far
random-sparse,50,0.01,0.03,0.0,0.2,3.0,0.3,0.068,50,200,116.62,0.32,0.0,6.1,14.12,49,47|46|45|44|49|48|47|46|45|44|43|42|41|40|39|38|37|36|35|34|33|49|49|48|47|46|45|44|43|49|48|47|46|45|44|43|42|49|48|47|46|45|44|43|42|41|40|39|49|48,47|46|45|44|49|48|47|46|45|44|43|42|41|40|39|38|37|36|35|34|33|49|49|48|47|46|45|44|43|49|48|47|46|45|44|43|42|49|48|47|46|45|44|43|42|41|40|39|49|48,network_wide:50,expands_far
random-sparse,50,0.01,0.03,0.0,0.2,3.0,0.3,0.07,50,200,116.62,0.26,0.0,8.16,14.4,49,47|46|45|44|49|48|47|46|45|44|43|42|41|40|39|38|37|36|35|34|33|32|49|48|47|46|45|44|43|49|48|47|46|45|44|43|42|49|48|47|46|45|44|43|42|41|40|39|49|48,47|46|45|44|49|48|47|46|45|44|43|42|41|40|39|38|37|36|35|34|33|32|49|48|47|46|45|44|43|49|48|47|46|45|44|43|42|49|48|47|46|45|44|43|42|41|40|39|49|48,network_wide:50,expands_far
random-sparse,50,0.01,0.03,0.0,0.2,3.0,0.3,0.072,50,200,116.62,0.0,0.0,8.22,14.62,49,46|45|44|43|49|48|47|46|45|44|43|42|41|40|39|38|37|36|35|34|33|32|49|48|47|46|45|44|43|49|48|47|46|45|44|43|42|49|48|47|46|45|44|43|42|41|40|39|49|48,46|45|44|43|49|48|47|46|45|44|43|42|41|40|39|38|37|36|35|34|33|32|49|48|47|46|45|44|43|49|48|47|46|45|44|43|42|49|48|47|46|45|44|43|42|41|40|39|49|48,network_wide:50,expands_far
random-sparse,50,0.01,0.03,0.0,0.2,3.0,0.3,0.074,50,200,116.62,0.02,0.0,9.92,14.7,49,46|45|44|43|49|48|47|46|45|44|43|42|41|40|39|38|37|36|35|34|33|32|49|48|47|46|45|44|43|49|48|47|46|45|44|43|42|49|48|47|46|45|44|43|42|41|40|39|49|48,46|45|44|43|49|48|47|46|45|44|43|42|41|40|39|38|37|36|35|34|33|32|49|48|47|46|45|44|43|49|48|47|46|45|44|43|42|49|48|47|46|45|44|43|42|41|40|39|49|48,network_wide:50,expands_far
random-sparse,50,0.01,0.03,0.0,0.2,3.0,0.3,0.076,50,200,116.62,0.0,0.0,13.02,15.06,49,46|45|44|43|49|48|47|46|45|44|43|42|41|40|39|38|37|36|35|34|33|32|49|48|47|46|45|44|43|42|41|40|39|38|37|36|35|49|48|47|46|45|44|43|42|41|40|39|49|48,46|45|44|43|49|48|47|46|45|44|43|42|41|40|39|38|37|36|35|34|33|32|49|48|47|46|45|44|43|42|41|40|39|38|37|36|35|49|48|47|46|45|44|43|42|41|40|39|49|48,network_wide:50,expands_far
random-sparse,50,0.01,0.03,0.0,0.2,3.0,0.3,0.078,50,200,116.62,0.0,0.0,13.66,15.06,49,46|45|44|43|49|48|47|46|45|44|43|42|41|40|39|38|37|36|35|34|33|32|49|48|47|46|45|44|43|42|41|40|39|38|37|36|35|49|48|47|46|45|44|43|42|41|40|39|49|48,46|45|44|43|49|48|47|46|45|44|43|42|41|40|39|38|37|36|35|34|33|32|49|48|47|46|45|44|43|42|41|40|39|38|37|36|35|49|48|47|46|45|44|43|42|41|40|39|49|48,network_wide:50,expands_far
random-sparse,50,0.01,0.03,0.0,0.2,3.0,0.3,0.08,50,200,116.62,0.0,0.0,16.6,15.48,49,46|45|44|43|49|48|47|46|45|44|43|42|41|40|39|38|37|36|35|34|33|32|49|48|47|46|45|44|43|42|41|40|39|38|37|36|35|49|48|47|46|45|44|43|42|41|40|39|49|48,46|45|44|43|49|48|47|46|45|44|43|42|41|40|39|38|37|36|35|34|33|32|49|48|47|46|45|44|43|42|41|40|39|38|37|36|35|49|48|47|46|45|44|43|42|41|40|39|49|48,network_wide:50,expands_far
random-sparse,50,0.01,0.03,0.0,0.2,3.0,0.3,0.082,50,200,116.62,0.0,0.0,23.14,15.92,49,46|45|44|43|49|48|47|46|45|44|43|42|41|40|39|38|37|36|35|34|33|32|49|48|47|46|45|44|43|42|41|40|39|38|37|36|35|49|48|47|46|45|44|43|42|41|40|39|49|48,46|45|44|43|49|48|47|46|45|44|43|42|41|40|39|38|37|36|35|34|33|32|49|48|47|46|45|44|43|42|41|40|39|38|37|36|35|49|48|47|46|45|44|43|42|41|40|39|49|48,network_wide:50,expands_far
random-sparse,50,0.01,0.03,0.0,0.2,3.0,0.3,0.084,50,200,116.62,0.0,0.0,24.64,15.92,49,46|46|45|43|49|48|47|46|45|44|43|42|41|40|39|38|37|36|35|34|33|32|49|48|47|46|45|44|43|42|41|40|39|38|37|36|35|49|48|47|46|45|44|43|42|41|40|39|49|48,46|46|45|43|49|48|47|46|45|44|43|42|41|40|39|38|37|36|35|34|33|32|49|48|47|46|45|44|43|42|41|40|39|38|37|36|35|49|48|47|46|45|44|43|42|41|40|39|49|48,network_wide:50,expands_far
random-sparse,50,0.01,0.03,0.0,0.2,3.0,0.3,0.086,50,200,116.62,0.0,0.0,26.56,15.92,49,46|46|45|43|49|48|47|46|45|44|43|42|41|40|39|38|37|36|35|34|33|32|49|48|47|46|45|44|43|42|41|40|39|38|37|36|35|49|48|47|46|45|44|43|42|41|40|39|49|48,46|46|45|43|49|48|47|46|45|44|43|42|41|40|39|38|37|36|35|34|33|32|49|48|47|46|45|44|43|42|41|40|39|38|37|36|35|49|48|47|46|45|44|43|42|41|40|39|49|48,network_wide:50,expands_far
random-sparse,50,0.01,0.03,0.0,0.2,3.0,0.3,0.088,50,200,116.62,0.0,0.0,28.52,16.14,49,46|46|45|43|49|48|47|46|45|44|43|42|41|40|39|38|37|36|35|34|33|32|49|48|47|46|45|44|43|42|41|40|39|38|37|36|35|49|48|47|46|45|44|43|42|41|40|39|49|48,46|46|45|43|49|48|47|46|45|44|43|42|41|40|39|38|37|36|35|34|33|32|49|48|47|46|45|44|43|42|41|40|39|38|37|36|35|49|48|47|46|45|44|43|42|41|40|39|49|48,network_wide:50,expands_far
random-sparse,50,0.01,0.03,0.0,0.2,3.0,0.3,0.09,50,200,116.62,0.0,0.0,26.88,16.0,49,46|45|45|43|49|48|47|46|45|44|43|42|41|40|39|38|37|36|35|34|33|32|49|48|47|46|45|44|43|42|41|40|39|38|37|36|35|49|48|47|46|45|44|43|42|41|40|39|49|48,46|45|45|43|49|48|47|46|45|44|43|42|41|40|39|38|37|36|35|34|33|32|49|48|47|46|45|44|43|42|41|40|39|38|37|36|35|49|48|47|46|45|44|43|42|41|40|39|49|48,network_wide:50,expands_far
fully-connected,50,0.01,0.02,0.0,0.2,3.0,0.3,0.06,50,200,1225.0,0.52,0.0,4.58,14.2,49,47|46|45|44|49|48|47|46|45|44|43|42|41|40|39|38|37|36|35|34|33|32|49|48|47|46|45|44|49|49|48|47|46|45|44|43|42|49|48|47|46|45|44|43|42|41|40|39|49|48,47|46|45|44|49|48|47|46|45|44|43|42|41|40|39|38|37|36|35|34|33|32|49|48|47|46|45|44|49|49|48|47|46|45|44|43|42|49|48|47|46|45|44|43|42|41|40|39|49|48,hub_localized:50,expands_far
fully-connected,50,0.01,0.02,0.0,0.2,3.0,0.3,0.062,50,200,1225.0,0.52,0.0,4.6,14.2,49,47|46|45|44|49|48|47|46|45|44|43|42|41|40|39|38|37|36|35|34|33|32|49|48|47|46|45|44|49|49|48|47|46|45|44|43|42|49|48|47|46|45|44|43|42|41|40|39|49|48,47|46|45|44|49|48|47|46|45|44|43|42|41|40|39|38|37|36|35|34|33|32|49|48|47|46|45|44|49|49|48|47|46|45|44|43|42|49|48|47|46|45|44|43|42|41|40|39|49|48,hub_localized:50,expands_far
fully-connected,50,0.01,0.02,0.0,0.2,3.0,0.3,0.064,50,200,1225.0,0.46,0.0,4.66,14.2,49,47|46|45|44|49|48|47|46|45|44|43|42|41|40|39|38|37|36|35|34|33|32|49|48|47|46|45|44|43|49|48|47|46|45|44|43|42|49|48|47|46|45|44|43|42|41|40|39|49|48,47|46|45|44|49|48|47|46|45|44|43|42|41|40|39|38|37|36|35|34|33|32|49|48|47|46|45|44|43|49|48|47|46|45|44|43|42|49|48|47|46|45|44|43|42|41|40|39|49|48,hub_localized:50,expands_far
fully-connected,50,0.01,0.02,0.0,0.2,3.0,0.3,0.066,50,200,1225.0,0.66,0.0,4.68,13.7,49,47|46|45|44|49|48|47|46|45|44|43|42|41|40|39|38|37|36|35|34|33|32|49|48|47|46|45|44|43|49|48|47|46|45|44|43|42|49|48|47|46|45|44|43|42|41|40|39|49|48,47|46|45|44|49|48|47|46|45|44|43|42|41|40|39|38|37|36|35|34|33|32|49|48|47|46|45|44|43|49|48|47|46|45|44|43|42|49|48|47|46|45|44|43|42|41|40|39|49|48,hub_localized:50,expands_far
fully-connected,50,0.01,0.02,0.0,0.2,3.0,0.3,0.068,50,200,1225.0,0.4,0.0,6.1,14.34,49,47|46|45|44|49|48|47|46|45|44|43|42|41|40|39|38|37|36|35|34|33|32|49|48|47|46|45|44|43|49|48|47|46|45|44|43|42|49|48|47|46|45|44|43|42|41|40|39|49|48,47|46|45|44|49|48|47|46|45|44|43|42|41|40|39|38|37|36|35|34|33|32|49|48|47|46|45|44|43|49|48|47|46|45|44|43|42|49|48|47|46|45|44|43|42|41|40|39|49|48,hub_localized:50,expands_far
fully-connected,50,0.01,0.02,0.0,0.2,3.0,0.3,0.07,50,200,1225.0,0.4,0.0,7.58,14.34,49,47|46|45|44|49|48|47|46|45|44|43|42|41|40|39|38|37|36|35|34|33|32|49|48|47|46|45|44|43|49|48|47|46|45|44|43|42|49|48|47|46|45|44|43|42|41|40|39|49|48,47|46|45|44|49|48|47|46|45|44|43|42|41|40|39|38|37|36|35|34|33|32|49|48|47|46|45|44|43|49|48|47|46|45|44|43|42|49|48|47|46|45|44|43|42|41|40|39|49|48,hub_localized:50,expands_far
fully-connected,50,0.01,0.02,0.0,0.2,3.0,0.3,0.072,50,200,1225.0,0.04,0.0,8.22,14.62,49,46|45|44|43|49|48|47|46|45|44|43|42|41|40|39|38|37|36|35|34|33|32|49|48|47|46|45|44|43|49|48|47|46|45|44|43|42|49|48|47|46|45|44|43|42|41|40|39|49|48,46|45|44|43|49|48|47|46|45|44|43|42|41|40|39|38|37|36|35|34|33|32|49|48|47|46|45|44|43|49|48|47|46|45|44|43|42|49|48|47|46|45|44|43|42|41|40|39|49|48,hub_localized:50,expands_far
fully-connected,50,0.01,0.02,0.0,0.2,3.0,0.3,0.074,50,200,1225.0,0.06,0.0,9.1,14.62,49,46|45|44|43|49|48|47|46|45|44|43|42|41|40|39|38|37|36|35|34|33|32|49|48|47|46|45|44|43|49|48|47|46|45|44|43|42|49|48|47|46|45|44|43|42|41|40|39|49|48,46|45|44|43|49|48|47|46|45|44|43|42|41|40|39|38|37|36|35|34|33|32|49|48|47|46|45|44|43|49|48|47|46|45|44|43|42|49|48|47|46|45|44|43|42|41|40|39|49|48,hub_localized:50,expands_far
fully-connected,50,0.01,0.02,0.0,0.2,3.0,0.3,0.076,50,200,1225.0,0.02,0.0,10.78,15.1,49,46|45|44|43|49|48|47|46|45|44|43|42|41|40|39|38|37|36|35|34|33|32|49|48|47|46|45|44|43|42|41|40|39|38|37|36|35|49|48|47|46|45|44|43|42|41|40|39|49|48,46|45|44|43|49|48|47|46|45|44|43|42|41|40|39|38|37|36|35|34|33|32|49|48|47|46|45|44|43|42|41|40|39|38|37|36|35|49|48|47|46|45|44|43|42|41|40|39|49|48,hub_localized:50,expands_far
fully-connected,50,0.01,0.02,0.0,0.2,3.0,0.3,0.078,50,200,1225.0,0.0,0.0,14.22,15.14,49,46|45|44|43|49|48|47|46|45|44|43|42|41|40|39|38|37|36|35|34|33|32|49|48|47|46|45|44|43|42|41|40|39|38|37|36|35|49|48|47|46|45|44|43|42|41|40|39|49|48,46|45|44|43|49|48|47|46|45|44|43|42|41|40|39|38|37|36|35|34|33|32|49|48|47|46|45|44|43|42|41|40|39|38|37|36|35|49|48|47|46|45|44|43|42|41|40|39|49|48,hub_localized:50,expands_far
fully-connected,50,0.01,0.02,0.0,0.2,3.0,0.3,0.08,50,200,1225.0,0.0,0.0,18.6,15.62,49,46|45|44|43|49|48|47|46|45|44|43|42|41|40|39|38|37|36|35|34|33|32|49|48|47|46|45|44|43|42|41|40|39|38|37|36|35|49|48|47|46|45|44|43|42|41|40|39|49|48,46|45|44|43|49|48|47|46|45|44|43|42|41|40|39|38|37|36|35|34|33|32|49|48|47|46|45|44|43|42|41|40|39|38|37|36|35|49|48|47|46|45|44|43|42|41|40|39|49|48,hub_localized:50,expands_far
fully-connected,50,0.01,0.02,0.0,0.2,3.0,0.3,0.082,50,200,1225.0,0.0,0.0,18.12,15.62,49,46|46|44|43|49|48|47|46|45|44|43|42|41|40|39|38|37|36|35|34|33|32|49|48|47|46|45|44|43|42|41|40|39|38|37|36|35|49|48|47|46|45|44|43|42|41|40|39|49|48,46|46|44|43|49|48|47|46|45|44|43|42|41|40|39|38|37|36|35|34|33|32|49|48|47|46|45|44|43|42|41|40|39|38|37|36|35|49|48|47|46|45|44|43|42|41|40|39|49|48,hub_localized:50,expands_far
fully-connected,50,0.01,0.02,0.0,0.2,3.0,0.3,0.084,50,200,1225.0,0.0,0.0,19.24,15.92,49,47|46|45|44|49|48|47|46|45|44|43|42|41|40|39|38|37|36|35|34|33|32|49|48|47|46|45|44|43|42|41|40|39|38|37|36|35|49|48|47|46|45|44|43|42|41|40|39|49|48,47|46|45|44|49|48|47|46|45|44|43|42|41|40|39|38|37|36|35|34|33|32|49|48|47|46|45|44|43|42|41|40|39|38|37|36|35|49|48|47|46|45|44|43|42|41|40|39|49|48,hub_localized:50,expands_far
fully-connected,50,0.01,0.02,0.0,0.2,3.0,0.3,0.086,50,200,1225.0,0.0,0.0,21.86,15.92,49,47|46|45|44|49|48|47|46|45|44|43|42|41|40|39|38|37|36|35|34|33|32|49|48|47|46|45|44|43|42|41|40|39|38|37|36|35|49|48|47|46|45|44|43|42|41|40|39|49|48,47|46|45|44|49|48|47|46|45|44|43|42|41|40|39|38|37|36|35|34|33|32|49|48|47|46|45|44|43|42|41|40|39|38|37|36|35|49|48|47|46|45|44|43|42|41|40|39|49|48,hub_localized:50,expands_far
fully-connected,50,0.01,0.02,0.0,0.2,3.0,0.3,0.088,50,200,1225.0,0.0,0.0,27.12,15.92,49,47|46|45|44|49|48|47|46|45|44|43|42|41|40|39|38|37|36|35|34|33|32|49|48|47|46|45|44|43|42|41|40|39|38|37|36|35|49|48|47|46|45|44|43|42|41|40|39|49|48,47|46|45|44|49|48|47|46|45|44|43|42|41|40|39|38|37|36|35|34|33|32|49|48|47|46|45|44|43|42|41|40|39|38|37|36|35|49|48|47|46|45|44|43|42|41|40|39|49|48,hub_localized:50,expands_far
fully-connected,50,0.01,0.02,0.0,0.2,3.0,0.3,0.09,50,200,1225.0,0.0,0.0,29.06,16.04,49,47|46|45|44|49|48|47|46|45|44|43|42|41|40|39|38|37|36|35|34|33|32|49|48|47|46|45|44|43|42|41|40|39|38|37|36|35|49|48|47|46|45|44|43|42|41|40|39|49|48,47|46|45|44|49|48|47|46|45|44|43|42|41|40|39|38|37|36|35|34|33|32|49|48|47|46|45|44|43|42|41|40|39|38|37|36|35|49|48|47|46|45|44|43|42|41|40|39|49|48,hub_localized:50,expands_far
fully-connected,50,0.01,0.03,0.0,0.2,3.0,0.3,0.06,50,200,1225.0,0.52,0.0,4.58,14.2,49,47|46|45|44|49|48|47|46|45|44|43|42|41|40|39|38|37|36|35|34|33|32|49|48|47|46|45|44|49|49|48|47|46|45|44|43|42|49|48|47|46|45|44|43|42|41|40|39|49|48,47|46|45|44|49|48|47|46|45|44|43|42|41|40|39|38|37|36|35|34|33|32|49|48|47|46|45|44|49|49|48|47|46|45|44|43|42|49|48|47|46|45|44|43|42|41|40|39|49|48,hub_localized:50,expands_far
fully-connected,50,0.01,0.03,0.0,0.2,3.0,0.3,0.062,50,200,1225.0,0.52,0.0,4.6,14.2,49,47|46|45|44|49|48|47|46|45|44|43|42|41|40|39|38|37|36|35|34|33|32|49|48|47|46|45|44|49|49|48|47|46|45|44|43|42|49|48|47|46|45|44|43|42|41|40|39|49|48,47|46|45|44|49|48|47|46|45|44|43|42|41|40|39|38|37|36|35|34|33|32|49|48|47|46|45|44|49|49|48|47|46|45|44|43|42|49|48|47|46|45|44|43|42|41|40|39|49|48,hub_localized:50,expands_far
fully-connected,50,0.01,0.03,0.0,0.2,3.0,0.3,0.064,50,200,1225.0,0.46,0.0,4.66,14.2,49,47|46|45|44|49|48|47|46|45|44|43|42|41|40|39|38|37|36|35|34|33|32|49|48|47|46|45|44|43|49|48|47|46|45|44|43|42|49|48|47|46|45|44|43|42|41|40|39|49|48,47|46|45|44|49|48|47|46|45|44|43|42|41|40|39|38|37|36|35|34|33|32|49|48|47|46|45|44|43|49|48|47|46|45|44|43|42|49|48|47|46|45|44|43|42|41|40|39|49|48,hub_localized:50,expands_far
fully-connected,50,0.01,0.03,0.0,0.2,3.0,0.3,0.066,50,200,1225.0,0.66,0.0,4.68,13.7,49,47|46|45|44|49|48|47|46|45|44|43|42|41|40|39|38|37|36|35|34|33|32|49|48|47|46|45|44|43|49|48|47|46|45|44|43|42|49|48|47|46|45|44|43|42|41|40|39|49|48,47|46|45|44|49|48|47|46|45|44|43|42|41|40|39|38|37|36|35|34|33|32|49|48|47|46|45|44|43|49|48|47|46|45|44|43|42|49|48|47|46|45|44|43|42|41|40|39|49|48,hub_localized:50,expands_far
fully-connected,50,0.01,0.03,0.0,0.2,3.0,0.3,0.068,50,200,1225.0,0.4,0.0,6.1,14.34,49,47|46|45|44|49|48|47|46|45|44|43|42|41|40|39|38|37|36|35|34|33|32|49|48|47|46|45|44|43|49|48|47|46|45|44|43|42|49|48|47|46|45|44|43|42|41|40|39|49|48,47|46|45|44|49|48|47|46|45|44|43|42|41|40|39|38|37|36|35|34|33|32|49|48|47|46|45|44|43|49|48|47|46|45|44|43|42|49|48|47|46|45|44|43|42|41|40|39|49|48,hub_localized:50,expands_far
fully-connected,50,0.01,0.03,0.0,0.2,3.0,0.3,0.07,50,200,1225.0,0.4,0.0,7.58,14.34,49,47|46|45|44|49|48|47|46|45|44|43|42|41|40|39|38|37|36|35|34|33|32|49|48|47|46|45|44|43|49|48|47|46|45|44|43|42|49|48|47|46|45|44|43|42|41|40|39|49|48,47|46|45|44|49|48|47|46|45|44|43|42|41|40|39|38|37|36|35|34|33|32|49|48|47|46|45|44|43|49|48|47|46|45|44|43|42|49|48|47|46|45|44|43|42|41|40|39|49|48,hub_localized:50,expands_far
fully-connected,50,0.01,0.03,0.0,0.2,3.0,0.3,0.072,50,200,1225.0,0.04,0.0,8.22,14.62,49,46|45|44|43|49|48|47|46|45|44|43|42|41|40|39|38|37|36|35|34|33|32|49|48|47|46|45|44|43|49|48|47|46|45|44|43|42|49|48|47|46|45|44|43|42|41|40|39|49|48,46|45|44|43|49|48|47|46|45|44|43|42|41|40|39|38|37|36|35|34|33|32|49|48|47|46|45|44|43|49|48|47|46|45|44|43|42|49|48|47|46|45|44|43|42|41|40|39|49|48,hub_localized:50,expands_far
fully-connected,50,0.01,0.03,0.0,0.2,3.0,0.3,0.074,50,200,1225.0,0.06,0.0,9.1,14.62,49,46|45|44|43|49|48|47|46|45|44|43|42|41|40|39|38|37|36|35|34|33|32|49|48|47|46|45|44|43|49|48|47|46|45|44|43|42|49|48|47|46|45|44|43|42|41|40|39|49|48,46|45|44|43|49|48|47|46|45|44|43|42|41|40|39|38|37|36|35|34|33|32|49|48|47|46|45|44|43|49|48|47|46|45|44|43|42|49|48|47|46|45|44|43|42|41|40|39|49|48,hub_localized:50,expands_far
fully-connected,50,0.01,0.03,0.0,0.2,3.0,0.3,0.076,50,200,1225.0,0.0,0.0,10.78,15.06,49,46|45|44|43|49|48|47|46|45|44|43|42|41|40|39|38|37|36|35|34|33|32|49|48|47|46|45|44|43|42|41|40|39|38|37|36|35|49|48|47|46|45|44|43|42|41|40|39|49|48,46|45|44|43|49|48|47|46|45|44|43|42|41|40|39|38|37|36|35|34|33|32|49|48|47|46|45|44|43|42|41|40|39|38|37|36|35|49|48|47|46|45|44|43|42|41|40|39|49|48,hub_localized:50,expands_far
fully-connected,50,0.01,0.03,0.0,0.2,3.0,0.3,0.078,50,200,1225.0,0.0,0.0,13.66,15.14,49,46|45|44|43|49|48|47|46|45|44|43|42|41|40|39|38|37|36|35|34|33|32|49|48|47|46|45|44|43|42|41|40|39|38|37|36|35|49|48|47|46|45|44|43|42|41|40|39|49|48,46|45|44|43|49|48|47|46|45|44|43|42|41|40|39|38|37|36|35|34|33|32|49|48|47|46|45|44|43|42|41|40|39|38|37|36|35|49|48|47|46|45|44|43|42|41|40|39|49|48,hub_localized:50,expands_far
fully-connected,50,0.01,0.03,0.0,0.2,3.0,0.3,0.08,50,200,1225.0,0.0,0.0,17.86,15.62,49,46|45|44|43|49|48|47|46|45|44|43|42|41|40|39|38|37|36|35|34|33|32|49|48|47|46|45|44|43|42|41|40|39|38|37|36|35|49|48|47|46|45|44|43|42|41|40|39|49|48,46|45|44|43|49|48|47|46|45|44|43|42|41|40|39|38|37|36|35|34|33|32|49|48|47|46|45|44|43|42|41|40|39|38|37|36|35|49|48|47|46|45|44|43|42|41|40|39|49|48,hub_localized:50,expands_far
fully-connected,50,0.01,0.03,0.0,0.2,3.0,0.3,0.082,50,200,1225.0,0.0,0.0,18.12,15.62,49,46|46|45|44|49|48|47|46|45|44|43|42|41|40|39|38|37|36|35|34|33|32|49|48|47|46|45|44|43|42|41|40|39|38|37|36|35|49|48|47|46|45|44|43|42|41|40|39|49|48,46|46|45|44|49|48|47|46|45|44|43|42|41|40|39|38|37|36|35|34|33|32|49|48|47|46|45|44|43|42|41|40|39|38|37|36|35|49|48|47|46|45|44|43|42|41|40|39|49|48,hub_localized:50,expands_far
fully-connected,50,0.01,0.03,0.0,0.2,3.0,0.3,0.084,50,200,1225.0,0.0,0.0,19.24,15.92,49,47|46|45|44|49|48|47|46|45|44|43|42|41|40|39|38|37|36|35|34|33|32|49|48|47|46|45|44|43|42|41|40|39|38|37|36|35|49|48|47|46|45|44|43|42|41|40|39|49|48,47|46|45|44|49|48|47|46|45|44|43|42|41|40|39|38|37|36|35|34|33|32|49|48|47|46|45|44|43|42|41|40|39|38|37|36|35|49|48|47|46|45|44|43|42|41|40|39|49|48,hub_localized:50,expands_far
fully-connected,50,0.01,0.03,0.0,0.2,3.0,0.3,0.086,50,200,1225.0,0.0,0.0,21.86,15.92,49,47|46|45|44|49|48|47|46|45|44|43|42|41|40|39|38|37|36|35|34|33|32|49|48|47|46|45|44|43|42|41|40|39|38|37|36|35|49|48|47|46|45|44|43|42|41|40|39|49|48,47|46|45|44|49|48|47|46|45|44|43|42|41|40|39|38|37|36|35|34|33|32|49|48|47|46|45|44|43|42|41|40|39|38|37|36|35|49|48|47|46|45|44|43|42|41|40|39|49|48,hub_localized:50,expands_far
fully-connected,50,0.01,0.03,0.0,0.2,3.0,0.3,0.088,50,200,1225.0,0.0,0.0,27.12,15.92,49,47|46|45|44|49|48|47|46|45|44|43|42|41|40|39|38|37|36|35|34|33|32|49|48|47|46|45|44|43|42|41|40|39|38|37|36|35|49|48|47|46|45|44|43|42|41|40|39|49|48,47|46|45|44|49|48|47|46|45|44|43|42|41|40|39|38|37|36|35|34|33|32|49|48|47|46|45|44|43|42|41|40|39|38|37|36|35|49|48|47|46|45|44|43|42|41|40|39|49|48,hub_localized:50,expands_far
fully-connected,50,0.01,0.03,0.0,0.2,3.0,0.3,0.09,50,200,1225.0,0.0,0.0,29.06,16.04,49,47|46|45|44|49|48|47|46|45|44|43|42|41|40|39|38|37|36|35|34|33|32|49|48|47|46|45|44|43|42|41|40|39|38|37|36|35|49|48|47|46|45|44|43|42|41|40|39|49|48,47|46|45|44|49|48|47|46|45|44|43|42|41|40|39|38|37|36|35|34|33|32|49|48|47|46|45|44|43|42|41|40|39|38|37|36|35|49|48|47|46|45|44|43|42|41|40|39|49|48,hub_localized:50,expands_far
