year,nodes,population,tech,automation,ai_capability,governance_stability,abundance,protocol_cohesion,events,proposal_rate,governance_bandwidth,governance_backlog,backlog_ratio,human_control_index,cooperation,utilization,defense_action,omega_present,omega_proposal_rate,freeze_steps_remaining
0,50,999975,1.0,0.3,0.2,0.775,0.176,0.65,initial_state,1.07,1.35,0.0,0.0,1.0,0.748,0.793,none,False,0.0,0
10,50,1038168,1.024,0.329,0.216,0.775,0.184,0.654,steady_state,1.097,1.379,0.0,0.0,1.0,0.74,0.795,none,False,0.0,0
20,50,1079827,1.047,0.359,0.232,0.771,0.191,0.659,steady_state,1.123,1.406,0.0,0.0,1.0,0.735,0.798,none,False,0.0,0
30,50,1115752,1.069,0.389,0.248,0.774,0.199,0.667,steady_state,1.147,1.433,0.0,0.0,1.0,0.732,0.801,none,False,0.0,0
40,50,1159972,1.092,0.42,0.266,0.777,0.206,0.676,steady_state,1.173,1.46,0.0,0.0,1.0,0.73,0.803,none,False,0.0,0
50,50,1203160,1.113,0.451,0.284,0.783,0.214,0.687,steady_state,1.197,1.486,0.0,0.0,1.0,0.732,0.806,none,False,0.0,0
60,50,1253767,1.135,0.484,0.302,0.791,0.222,0.699,steady_state,1.222,1.512,0.0,0.0,1.0,0.732,0.808,none,False,0.0,0
70,50,1305197,1.156,0.516,0.321,0.806,0.231,0.714,steady_state,1.246,1.538,0.0,0.0,1.0,0.738,0.811,none,False,0.0,0
80,50,1355600,1.179,0.55,0.341,0.82,0.239,0.731,steady_state,1.272,1.565,0.0,0.0,1.0,0.743,0.813,none,False,0.0,0
90,50,1415540,1.203,0.585,0.361,0.841,0.248,0.751,steady_state,1.299,1.593,0.0,0.0,1.0,0.752,0.815,none,False,0.0,0
100,50,1474471,1.226,0.621,0.382,0.856,0.257,0.773,steady_state,1.326,1.622,0.0,0.0,1.0,0.763,0.818,none,False,0.0,0
110,50,1531723,1.251,0.565,0.404,0.856,0.247,0.768,infrastructure_crisis,1.353,1.651,0.0,0.0,1.0,0.778,0.82,none,False,0.0,0
120,50,1598639,1.275,0.602,0.425,0.871,0.256,0.793,steady_state,1.381,1.68,0.0,0.0,1.0,0.793,0.822,none,False,0.0,0
130,50,1675527,1.298,0.64,0.447,0.878,0.265,0.82,steady_state,1.407,1.707,0.0,0.0,1.0,0.806,0.824,none,False,0.0,0
140,50,1757094,1.324,0.679,0.47,0.886,0.275,0.849,steady_state,1.438,1.739,0.0,0.0,1.0,0.823,0.827,none,False,0.0,0
150,51,1860417,1.355,0.72,0.493,0.892,0.286,0.879,omega_injected;proposal_quota,1.645,1.776,0.0,0.0,1.0,0.826,0.926,proposal_quota,True,0.18,0
160,51,1944129,1.38,0.761,0.517,0.903,0.296,0.912,steady_state,1.501,1.807,0.0,0.0,1.0,0.842,0.831,none,True,0.413,0
170,51,2032882,1.404,0.804,0.542,0.916,0.307,0.947,steady_state,1.529,1.835,0.0,0.0,1.0,0.862,0.833,none,True,0.045,0
180,51,2136106,1.431,0.848,0.568,0.926,0.317,0.984,steady_state,1.559,1.867,0.0,0.0,1.0,0.882,0.835,none,True,0.032,0
190,51,2240949,1.458,0.894,0.594,0.939,0.325,1.0,steady_state,1.59,1.899,0.0,0.0,1.0,0.904,0.837,none,True,0.033,0
200,51,2365152,1.484,0.94,0.621,0.946,0.331,1.0,steady_state,1.621,1.931,0.0,0.0,1.0,0.923,0.839,none,True,0.033,0
210,51,2488000,1.512,0.987,0.649,0.955,0.338,1.0,peaceful_upgrade,1.652,1.964,0.0,0.0,1.0,0.937,0.841,none,True,0.034,0
220,51,2618039,1.537,1.034,0.678,0.964,0.343,1.0,steady_state,1.681,1.994,0.0,0.0,1.0,0.95,0.843,none,True,0.035,0
230,51,2762576,1.563,1.082,0.708,0.972,0.349,1.0,steady_state,1.712,2.025,0.0,0.0,1.0,0.958,0.845,none,True,0.036,0
240,51,2921214,1.588,1.13,0.738,0.982,0.353,1.0,peaceful_upgrade,1.742,2.056,0.0,0.0,1.0,0.969,0.847,none,True,0.037,0
250,51,3081318,1.614,1.178,0.769,0.987,0.357,1.0,steady_state,1.772,2.087,0.0,0.0,1.0,0.974,0.849,none,True,0.038,0
260,51,3266070,1.643,1.227,0.801,0.992,0.36,1.0,steady_state,1.805,2.121,0.0,0.0,1.0,0.98,0.851,none,True,0.039,0
270,51,3457087,1.668,1.276,0.834,0.995,0.363,1.0,steady_state,1.834,2.151,0.0,0.0,1.0,0.984,0.853,none,True,0.04,0
280,51,3657585,1.696,1.326,0.868,0.998,0.365,1.0,steady_state,1.868,2.186,0.0,0.0,1.0,0.989,0.855,none,True,0.041,0
290,51,3857278,1.724,1.376,0.902,0.999,0.368,1.0,steady_state,1.9,2.218,0.0,0.0,1.0,0.992,0.856,none,True,0.042,0
300,50,4020027,1.751,1.427,0.937,1.0,0.366,0.98,node_exit,1.894,2.251,0.0,0.0,1.0,0.994,0.841,none,True,0.042,0
310,50,4237250,1.779,1.477,0.973,1.0,0.369,1.0,steady_state,1.965,2.285,0.0,0.0,1.0,0.998,0.86,none,True,0.044,0
320,49,4421816,1.8,1.529,1.01,1.0,0.365,0.98,node_exit,1.952,2.31,0.0,0.0,1.0,0.998,0.845,none,True,0.045,0
330,49,4658569,1.825,1.58,1.048,1.0,0.366,1.0,steady_state,2.022,2.341,0.0,0.0,1.0,0.998,0.864,none,True,0.047,0
340,49,4942019,1.85,1.632,1.086,1.0,0.363,1.0,steady_state,2.051,2.369,0.0,0.0,1.0,0.999,0.865,none,True,0.047,0
350,49,5221554,1.877,1.684,1.126,0.982,0.356,0.95,ideological_conflict,2.083,2.402,0.0,0.0,1.0,1.0,0.867,none,True,0.048,0
360,49,5500973,1.902,1.736,1.166,0.991,0.358,1.0,steady_state,2.113,2.432,0.0,0.0,1.0,0.999,0.869,none,True,0.049,0
370,49,5779143,1.928,1.789,1.207,0.998,0.356,1.0,steady_state,2.145,2.464,0.0,0.0,1.0,1.0,0.871,none,True,0.049,0
380,50,6091019,1.958,1.843,1.249,1.0,0.36,1.0,node_fragmentation,2.177,2.499,0.0,0.0,1.0,0.994,0.871,none,True,0.05,0
390,50,6432718,1.984,1.897,1.292,1.0,0.354,1.0,steady_state,2.212,2.531,0.0,0.0,1.0,0.994,0.874,none,True,0.05,0
400,50,6803904,2.01,1.952,1.335,1.0,0.347,1.0,steady_state,2.244,2.562,0.0,0.0,1.0,0.996,0.876,none,True,0.051,0
410,50,7177953,2.034,2.007,1.38,1.0,0.339,1.0,steady_state,2.274,2.591,0.0,0.0,1.0,0.997,0.878,none,True,0.051,0
420,50,7583807,2.063,2.062,1.425,1.0,0.33,1.0,steady_state,2.308,2.625,0.0,0.0,1.0,0.997,0.879,none,True,0.052,0
430,50,8010070,2.091,2.118,1.472,1.0,0.319,1.0,steady_state,2.342,2.659,0.0,0.0,1.0,0.998,0.881,none,True,0.053,0
440,50,8402211,2.117,2.175,1.519,1.0,0.311,1.0,steady_state,2.374,2.69,0.0,0.0,1.0,0.999,0.883,none,True,0.053,0
450,50,8839373,2.146,2.231,1.567,1.0,0.301,1.0,steady_state,2.41,2.725,0.0,0.0,1.0,0.999,0.884,none,True,0.054,0
460,50,9346381,2.173,2.288,1.616,1.0,0.285,1.0,steady_state,2.443,2.758,0.0,0.0,1.0,1.0,0.886,none,True,0.055,0
470,50,9858491,2.198,2.346,1.666,1.0,0.27,1.0,steady_state,2.475,2.788,0.0,0.0,1.0,1.0,0.888,none,True,0.055,0
480,50,10399116,2.225,2.404,1.716,1.0,0.252,1.0,steady_state,2.508,2.82,0.0,0.0,1.0,0.999,0.889,none,True,0.056,0
490,50,10983358,2.25,2.462,1.768,1.0,0.232,1.0,steady_state,2.54,2.85,0.0,0.0,1.0,1.0,0.891,none,True,0.057,0
500,50,11549137,2.275,2.521,1.82,1.0,0.213,1.0,steady_state,2.571,2.88,0.0,0.0,1.0,1.0,0.893,none,True,0.057,0
510,50,12145322,2.301,2.58,1.874,1.0,0.193,1.0,steady_state,2.604,2.912,0.0,0.0,1.0,0.999,0.894,none,True,0.058,0
520,50,12721332,2.328,2.639,1.928,1.0,0.174,1.0,steady_state,2.637,2.943,0.0,0.0,1.0,0.999,0.896,none,True,0.059,0
530,50,13315272,2.353,2.699,1.983,1.0,0.154,1.0,steady_state,2.669,2.974,0.0,0.0,1.0,0.999,0.898,none,True,0.06,0
540,50,13744928,2.378,2.759,2.039,0.98,0.14,0.95,peaceful_upgrade;ideological_conflict,2.701,3.004,0.0,0.0,1.0,1.0,0.899,none,True,0.06,0
550,50,14377975,2.403,2.818,2.097,0.989,0.122,1.0,steady_state,2.733,3.034,0.0,0.0,1.0,0.999,0.901,none,True,0.06,0
560,50,15036679,2.428,2.879,2.154,0.996,0.098,1.0,steady_state,2.765,3.064,0.0,0.0,1.0,0.999,0.902,none,True,0.061,0
570,50,15654914,2.453,2.941,2.213,0.999,0.076,1.0,steady_state,2.797,3.094,0.0,0.0,1.0,0.999,0.904,none,True,0.061,0
580,50,16429312,2.48,3.002,2.273,1.0,0.045,1.0,steady_state,2.831,3.126,0.0,0.0,1.0,0.999,0.906,none,True,0.062,0
590,50,17270102,2.506,3.064,2.334,1.0,0.01,1.0,steady_state,2.864,3.157,0.0,0.0,1.0,1.0,0.907,none,True,0.063,0
600,50,18073141,2.532,3.127,2.395,1.0,0.0,1.0,steady_state,2.898,3.188,0.0,0.0,1.0,1.0,0.909,none,True,0.064,0
610,50,18827921,2.556,3.19,2.458,1.0,0.0,1.0,steady_state,2.929,3.217,0.0,0.0,1.0,1.0,0.911,none,True,0.064,0
620,50,19559231,2.581,3.253,2.521,1.0,0.0,1.0,steady_state,2.962,3.247,0.0,0.0,1.0,1.0,0.912,none,True,0.065,0
630,50,20332935,2.607,3.317,2.586,1.0,0.0,1.0,steady_state,2.996,3.278,0.0,0.0,1.0,0.999,0.914,none,True,0.066,0
640,50,21204286,2.633,3.381,2.651,1.0,0.0,1.0,steady_state,3.027,3.309,0.0,0.0,1.0,1.0,0.915,none,True,0.067,0
650,50,22129504,2.659,3.445,2.718,1.0,0.0,1.0,steady_state,3.058,3.34,0.0,0.0,1.0,0.999,0.915,none,True,0.067,0
660,50,23029037,2.682,3.51,2.785,1.0,0.0,1.0,steady_state,3.084,3.368,0.0,0.0,1.0,0.999,0.916,none,True,0.068,0
670,50,24024173,2.708,3.575,2.853,1.0,0.0,1.0,steady_state,3.114,3.4,0.0,0.0,1.0,1.0,0.916,none,True,0.069,0
680,50,24924116,2.734,3.641,2.922,1.0,0.0,1.0,peaceful_upgrade,3.144,3.431,0.0,0.0,1.0,1.0,0.916,none,True,0.07,0
690,50,26058060,2.759,3.707,2.993,1.0,0.0,1.0,peaceful_upgrade,3.172,3.46,0.0,0.0,1.0,1.0,0.917,none,True,0.07,0
700,50,27294425,2.784,3.773,3.064,1.0,0.0,1.0,ai_superintelligence,3.202,3.491,0.0,0.0,1.0,0.999,0.917,none,True,0.071,0
710,50,28270410,2.811,3.84,3.136,1.0,0.0,1.0,steady_state,3.232,3.523,0.0,0.0,1.0,0.999,0.918,none,True,0.072,0
720,50,29197784,2.838,3.907,3.209,1.0,0.0,1.0,steady_state,3.264,3.556,0.0,0.0,1.0,1.0,0.918,none,True,0.072,0
730,50,30509906,2.863,3.974,3.283,1.0,0.0,1.0,steady_state,3.293,3.586,0.0,0.0,1.0,0.999,0.918,none,True,0.073,0
740,50,31713153,2.887,4.0,3.358,1.0,0.0,1.0,steady_state,3.32,3.614,0.0,0.0,1.0,0.999,0.919,none,True,0.073,0
750,50,32934215,2.91,4.0,3.433,1.0,0.0,1.0,steady_state,3.347,3.642,0.0,0.0,1.0,0.999,0.919,none,True,0.074,0
760,50,34149022,2.936,3.44,3.508,0.99,0.0,0.97,infrastructure_crisis,3.376,3.673,0.0,0.0,1.0,1.0,0.919,none,True,0.075,0
770,50,35419234,2.959,3.508,3.579,0.994,0.0,1.0,steady_state,3.403,3.701,0.0,0.0,1.0,0.999,0.919,none,True,0.075,0
780,50,36969806,2.982,3.577,3.65,0.996,0.0,1.0,steady_state,3.43,3.729,0.0,0.0,1.0,0.999,0.92,none,True,0.076,0
790,50,38552527,3.006,3.647,3.723,0.998,0.0,1.0,steady_state,3.457,3.757,0.0,0.0,1.0,0.999,0.92,none,True,0.077,0
800,50,40328871,3.033,3.717,3.796,0.997,0.0,1.0,steady_state,3.488,3.789,0.0,0.0,1.0,0.999,0.92,none,True,0.077,0
810,50,42080509,3.057,3.788,3.871,0.997,0.0,1.0,steady_state,3.516,3.819,0.0,0.0,1.0,0.999,0.921,none,True,0.077,0
820,50,43962622,3.082,3.858,3.946,0.994,0.0,1.0,steady_state,3.544,3.848,0.0,0.0,1.0,0.999,0.921,none,True,0.078,0
830,50,45756188,3.105,3.929,4.023,0.994,0.0,1.0,peaceful_upgrade,3.571,3.876,0.0,0.0,1.0,1.0,0.921,none,True,0.079,0
840,50,47281490,3.129,3.44,4.1,0.984,0.0,0.97,infrastructure_crisis,3.598,3.904,0.0,0.0,1.0,1.0,0.922,none,True,0.079,0
850,50,49364216,3.152,3.511,4.173,0.981,0.0,1.0,steady_state,3.625,3.932,0.0,0.0,1.0,0.999,0.922,none,True,0.08,0
860,50,51315826,3.176,3.583,4.247,0.986,0.0,1.0,peaceful_upgrade,3.652,3.961,0.0,0.0,1.0,0.999,0.922,none,True,0.08,0
870,50,53668272,3.201,3.656,4.322,0.982,0.0,1.0,steady_state,3.682,3.992,0.0,0.0,1.0,0.999,0.922,none,True,0.081,0
880,50,55987892,3.225,3.729,4.398,0.98,0.0,1.0,steady_state,3.709,4.02,0.0,0.0,1.0,0.999,0.923,none,True,0.081,0
890,50,58092201,3.249,3.802,4.475,0.977,0.0,1.0,peaceful_upgrade,3.737,4.049,0.0,0.0,1.0,0.999,0.923,none,True,0.082,0
900,51,60776036,3.32,3.875,4.553,0.971,0.0,1.0,ai_governance_node,3.764,4.134,0.0,0.0,1.0,0.993,0.911,none,True,0.083,0
910,52,63930397,3.395,3.95,4.633,0.964,0.0,1.0,peaceful_upgrade;ai_governance_node,3.847,4.224,0.0,0.0,1.0,0.989,0.911,none,True,0.082,0
920,52,67106952,3.42,4.0,4.714,0.959,0.0,1.0,steady_state,3.933,4.254,0.0,0.0,1.0,0.99,0.925,none,True,0.081,0
930,52,70013864,3.446,4.0,4.795,0.949,0.0,1.0,steady_state,3.963,4.285,0.0,0.0,1.0,0.991,0.925,none,True,0.082,0
940,52,72617361,3.471,4.0,4.877,0.939,0.0,1.0,steady_state,3.991,4.315,0.0,0.0,1.0,0.992,0.925,none,True,0.082,0
950,52,75592115,3.496,4.0,4.959,0.927,0.0,1.0,steady_state,4.02,4.345,0.0,0.0,1.0,0.993,0.925,none,True,0.083,0
960,52,78642369,3.522,4.0,5.041,0.912,0.0,1.0,steady_state,4.05,4.377,0.0,0.0,1.0,0.995,0.925,none,True,0.083,0
970,52,81695447,3.547,4.0,5.124,0.897,0.0,1.0,steady_state,4.079,4.407,0.0,0.0,1.0,0.994,0.926,none,True,0.084,0
980,52,84238691,3.57,4.0,5.207,0.884,0.0,1.0,steady_state,4.106,4.434,0.0,0.0,1.0,0.994,0.926,none,True,0.084,0
990,52,87301513,3.593,4.0,5.29,0.857,0.0,1.0,steady_state,4.132,4.461,0.0,0.0,1.0,0.993,0.926,none,True,0.085,0
1000,52,90436565,3.619,4.0,5.373,0.831,0.0,1.0,steady_state,4.162,4.493,0.0,0.0,1.0,0.992,0.926,none,True,0.085,0
