config,hub_count,balanced,run_index,seed,hub1_final_stability,hub2_final_stability,hub3_final_stability,peripheral_failure_rate,peripheral_failure_peak,sustained_ignition_observed,ignition_onset_step,final_cooperation,final_trust,collapsed
A,1,1,0,42,0.5618903814528807,,,0.9764971751412429,1.0,1,4,0.2553942128551454,0.2553942128551454,1
A,1,1,1,43,0.5620594242112859,,,0.9757062146892657,1.0,1,4,0.2577661484815571,0.2577661484815571,1
A,1,1,2,44,0.5623639500865858,,,0.9763841807909605,1.0,1,4,0.25541564568105324,0.25541564568105324,1
A,1,1,3,45,0.5621642010486322,,,0.975819209039548,1.0,1,4,0.2564668787278462,0.2564668787278462,1
A,1,1,4,46,0.5596974476135812,,,0.9776271186440677,1.0,1,4,0.2528710980183266,0.2528710980183266,1
A,1,1,5,47,0.5602573611526898,,,0.9759322033898304,1.0,1,4,0.2557165215135561,0.2557165215135561,1
A,1,1,6,48,0.5613429027361473,,,0.9764971751412429,1.0,1,4,0.25477174949062914,0.25477174949062914,1
A,1,1,7,49,0.5611537964123604,,,0.9757062146892657,1.0,1,4,0.2553762335183719,0.2553762335183719,1
A,1,1,8,50,0.5621739482770426,,,0.9759322033898304,1.0,1,4,0.2544158263694721,0.2544158263694721,1
A,1,1,9,51,0.561075182064096,,,0.9750282485875705,1.0,1,4,0.2534560510929281,0.2534560510929281,1
A,1,1,10,52,0.5603349685930508,,,0.9772881355932204,1.0,1,4,0.25435938527955193,0.25435938527955193,1
A,1,1,11,53,0.5595293839504035,,,0.9752542372881357,1.0,1,4,0.25699291621809195,0.25699291621809195,1
A,1,1,12,54,0.563193922605301,,,0.9753672316384181,1.0,1,4,0.25552434176416633,0.25552434176416633,1
A,1,1,13,55,0.562451695299577,,,0.9757062146892657,1.0,1,4,0.25490783658714466,0.25490783658714466,1
A,1,1,14,56,0.5610354839957402,,,0.9760451977401129,1.0,1,4,0.25460687028887347,0.25460687028887347,1
A,1,1,15,57,0.5616386634696009,,,0.9753672316384181,1.0,1,4,0.2564954742848978,0.2564954742848978,1
A,1,1,16,58,0.5601326615418747,,,0.9769491525423729,1.0,1,4,0.25485227001160765,0.25485227001160765,1
A,1,1,17,59,0.5610232132639328,,,0.9769491525423729,1.0,1,4,0.25544152654308716,0.25544152654308716,1
A,1,1,18,60,0.5610495241252799,,,0.9752542372881357,1.0,1,4,0.25651774940731303,0.25651774940731303,1
A,1,1,19,61,0.5606185989350648,,,0.9761581920903956,1.0,1,4,0.25564793564378424,0.25564793564378424,1
A,1,1,20,62,0.5617625127142657,,,0.9772881355932204,1.0,1,4,0.25273517038526716,0.25273517038526716,1
A,1,1,21,63,0.5610277349441639,,,0.9754802259887005,1.0,1,4,0.2558017222422126,0.2558017222422126,1
A,1,1,22,64,0.561399487595013,,,0.9761581920903956,1.0,1,4,0.2580110592001397,0.2580110592001397,1
A,1,1,23,65,0.5601647437966094,,,0.9761581920903956,1.0,1,4,0.2564163574169223,0.2564163574169223,1
A,1,1,24,66,0.5611588003508996,,,0.9760451977401129,1.0,1,4,0.25573427876351057,0.25573427876351057,1
A,1,1,25,67,0.5613849424594662,,,0.9770621468926554,1.0,1,4,0.25588501220902765,0.25588501220902765,1
A,1,1,26,68,0.5623354451498495,,,0.9761581920903956,1.0,1,4,0.2564305273674405,0.2564305273674405,1
A,1,1,27,69,0.5600492689148131,,,0.9761581920903956,1.0,1,4,0.25557759019980353,0.25557759019980353,1
A,1,1,28,70,0.5608458757990886,,,0.9759322033898304,1.0,1,4,0.25475768462662185,0.25475768462662185,1
A,1,1,29,71,0.5588414887500046,,,0.9759322033898304,1.0,1,4,0.25568200753058407,0.25568200753058407,1
B,2,1,0,42,0.609718594008666,0.609033549032572,,0.9370114942528737,1.0,1,11,0.6282095226244688,0.6282095226244688,1
B,2,1,1,43,0.6099571049941436,0.610546851525315,,0.936551724137931,1.0,1,11,0.6314715365153826,0.6314715365153826,1
B,2,1,2,44,0.60985086325029,0.6059012475291063,,0.9362068965517242,1.0,1,11,0.6273416738882497,0.6273416738882497,1
B,2,1,3,45,0.6099277668310884,0.6064073326986698,,0.9375862068965517,1.0,1,11,0.6267837338195288,0.6267837338195288,1
B,2,1,4,46,0.6064138545486598,0.6094474622877497,,0.94,1.0,1,10,0.6231295715012235,0.6231295715012235,1
B,2,1,5,47,0.6068944239293476,0.6065464686309439,,0.936896551724138,1.0,1,11,0.6249349579567799,0.6249349579567799,1
B,2,1,6,48,0.6091109377069962,0.6064925886563158,,0.9374712643678161,1.0,1,11,0.6251732757560149,0.6251732757560149,1
B,2,1,7,49,0.6091575720081348,0.6069259833793358,,0.9377011494252874,1.0,1,11,0.6264833746118804,0.6264833746118804,1
B,2,1,8,50,0.6096206748425198,0.6086227044868637,,0.9380459770114942,1.0,1,10,0.626439617409845,0.626439617409845,1
B,2,1,9,51,0.6076512037059905,0.6056718189734596,,0.9354022988505748,1.0,1,11,0.6221139579673014,0.6221139579673014,1
B,2,1,10,52,0.6074657251506783,0.6044873257856339,,0.9404597701149424,1.0,1,10,0.6220494832321396,0.6220494832321396,1
B,2,1,11,53,0.6069204923255176,0.6077651159704004,,0.9354022988505748,1.0,1,11,0.6269412447442932,0.6269412447442932,1
B,2,1,12,54,0.6108295470279828,0.6067259433734239,,0.9354022988505748,1.0,1,11,0.626866872451844,0.626866872451844,1
B,2,1,13,55,0.6102097667283496,0.6031914448822888,,0.9347126436781609,1.0,1,11,0.623945931309263,0.623945931309263,1
B,2,1,14,56,0.6090475924163197,0.6053980164166206,,0.9382758620689655,1.0,1,11,0.6241696172155544,0.6241696172155544,1
B,2,1,15,57,0.6098175525720725,0.6102919183845696,,0.9371264367816091,1.0,1,11,0.629826734717835,0.629826734717835,1
B,2,1,16,58,0.607634275179829,0.6088310067738687,,0.937816091954023,1.0,1,11,0.6254403616679733,0.6254403616679733,1
B,2,1,17,59,0.6089312332991066,0.6112107099361793,,0.9380459770114942,1.0,1,11,0.6281426571401667,0.6281426571401667,1
B,2,1,18,60,0.6081813009452189,0.607638349271095,,0.9339080459770114,1.0,1,11,0.6273314495741037,0.6273314495741037,1
B,2,1,19,61,0.6074806068348731,0.6108933115931467,,0.9374712643678161,1.0,1,11,0.6273103767787653,0.6273103767787653,1
B,2,1,20,62,0.6093553119978508,0.6063971641309193,,0.9394252873563219,1.0,1,10,0.6234150098178106,0.6234150098178106,1
B,2,1,21,63,0.6085018453697774,0.6088446639072576,,0.9381609195402298,1.0,1,11,0.627299419495608,0.627299419495608,1
B,2,1,22,64,0.6088658970403829,0.6073242973173837,,0.936551724137931,1.0,1,11,0.6282136933717685,0.6282136933717685,1
B,2,1,23,65,0.6069614587768541,0.605629165430941,,0.9364367816091953,1.0,1,11,0.6246455484824749,0.6246455484824749,1
B,2,1,24,66,0.6091078317433921,0.607124989526588,,0.9362068965517242,1.0,1,11,0.627552207063107,0.627552207063107,1
B,2,1,25,67,0.6087739953846268,0.6070118395968289,,0.9386206896551724,1.0,1,10,0.6255893117373593,0.6255893117373593,1
B,2,1,26,68,0.6097230497499532,0.6101894644341374,,0.9349425287356322,1.0,1,11,0.6282003688657352,0.6282003688657352,1
B,2,1,27,69,0.607096736502499,0.6068447362239697,,0.9362068965517242,1.0,1,11,0.6242448204111617,0.6242448204111617,1
B,2,1,28,70,0.608212012930177,0.6085890475164013,,0.9355172413793102,1.0,1,11,0.6255921849650449,0.6255921849650449,1
B,2,1,29,71,0.6053544818598694,0.6073433332785393,,0.9377011494252874,1.0,1,11,0.6238400017828469,0.6238400017828469,1
C,3,1,0,42,0.6217697413417018,0.6220874258068251,0.6227051146874265,0.495672514619883,0.7192982456140351,0,,0.7398557641986315,0.7398557641986315,0
C,3,1,1,43,0.6222010167295954,0.6230255759568912,0.6221566800012521,0.4312280701754386,0.6842105263157895,0,,0.7426871938332109,0.7426871938332109,0
C,3,1,2,44,0.6224772970298992,0.6184901622705931,0.6198066172371689,0.48163742690058475,0.7192982456140351,0,,0.7396248065977797,0.7396248065977797,0
C,3,1,3,45,0.6225613951549476,0.6192859351854864,0.6199437501175001,0.4781286549707602,0.7543859649122807,0,,0.7393928285663255,0.7393928285663255,0
C,3,1,4,46,0.6191459486818678,0.6224554957473782,0.6246289319722295,0.4874853801169591,0.7368421052631579,0,,0.7366522224592685,0.7366522224592685,0
C,3,1,5,47,0.6197033978640872,0.6193100601786934,0.6235583160171922,0.4745029239766082,0.7017543859649122,0,,0.7391267085534883,0.7391267085534883,0
C,3,1,6,48,0.6212425286388071,0.6201652931880033,0.621695529316484,0.4856140350877193,0.7368421052631579,0,,0.7379219137804636,0.7379219137804636,0
C,3,1,7,49,0.62175462474996,0.61971920087563,0.6222247349671437,0.49719298245614035,0.7368421052631579,0,,0.7392579632519086,0.7392579632519086,0
C,3,1,8,50,0.6220177013605337,0.621654516226188,0.6213771309007219,0.5091228070175439,0.7543859649122807,0,,0.7384769586594317,0.7384769586594317,0
C,3,1,9,51,0.6205660510689407,0.6182474257796932,0.6187713742821845,0.504327485380117,0.7543859649122807,0,,0.735171847399617,0.735171847399617,0
C,3,1,10,52,0.6199052955110919,0.6177480148615305,0.6209887679350774,0.4722807017543859,0.7368421052631579,0,,0.7364461926095942,0.7364461926095942,0
C,3,1,11,53,0.6200944530942762,0.6204683519201849,0.616843891895166,0.5071345029239767,0.7894736842105263,0,,0.7398478495936748,0.7398478495936748,0
C,3,1,12,54,0.6230220585407624,0.6195565180317025,0.6194678459116828,0.49228070175438593,0.7192982456140351,0,,0.7386245330870523,0.7386245330870523,0
C,3,1,13,55,0.6226972584820005,0.6162956346243468,0.6190807919995517,0.4749707602339181,0.7192982456140351,0,,0.7370142273089034,0.7370142273089034,0
C,3,1,14,56,0.6207947553148844,0.6183945487378681,0.6199136467759194,0.49415204678362573,0.7368421052631579,0,,0.7364365130064748,0.7364365130064748,0
C,3,1,15,57,0.6217506494171341,0.6227026530857028,0.6192024341351733,0.45309941520467834,0.7894736842105263,0,,0.740602351288525,0.740602351288525,0
C,3,1,16,58,0.6198289019553417,0.6221179763890256,0.6191348339862398,0.5121637426900585,0.7543859649122807,0,,0.7376378991632938,0.7376378991632938,0
C,3,1,17,59,0.6215290207600036,0.6236323746018042,0.6177774744341286,0.43321637426900583,0.6842105263157895,0,,0.7384951521209658,0.7384951521209658,0
C,3,1,18,60,0.6213119472458337,0.620162190893209,0.619684894017235,0.4767251461988304,0.8245614035087719,0,,0.740261347186349,0.740261347186349,0
C,3,1,19,61,0.6206932652994764,0.6227904641216417,0.6189023974584348,0.45426900584795327,0.7017543859649122,0,,0.7386857662560868,0.7386857662560868,0
C,3,1,20,62,0.6222115419311113,0.6192166451594217,0.6203747624420236,0.4674853801169591,0.7192982456140351,0,,0.7358627971973849,0.7358627971973849,0
C,3,1,21,63,0.6210733307284404,0.6214658219725986,0.6184877686083644,0.47321637426900587,0.7192982456140351,0,,0.7385480795017967,0.7385480795017967,0
C,3,1,22,64,0.6216241330624672,0.6203929004119487,0.6216051947111502,0.4870175438596491,0.7192982456140351,0,,0.7410417247196117,0.7410417247196117,0
C,3,1,23,65,0.6199035501459261,0.6181427028721772,0.6195680515371541,0.4819883040935672,0.7017543859649122,0,,0.7385070821694962,0.7385070821694962,0
C,3,1,24,66,0.6220644222936529,0.6193248607217602,0.6205936826813582,0.5015204678362573,0.7543859649122807,0,,0.7399308491735797,0.7399308491735797,0
C,3,1,25,67,0.6216159040813016,0.6197293849599753,0.6207462344950141,0.4745029239766082,0.7368421052631579,0,,0.7383815105111755,0.7383815105111755,0
C,3,1,26,68,0.6226380234156675,0.6228733708489348,0.6183024430072116,0.48690058479532167,0.7543859649122807,0,,0.7393229436588633,0.7393229436588633,0
C,3,1,27,69,0.6199263505134807,0.6197850681005658,0.6173548247389065,0.45941520467836255,0.7017543859649122,0,,0.7365722552350448,0.7365722552350448,0
C,3,1,28,70,0.6209953774744312,0.6211786501224319,0.6201547967721949,0.49415204678362573,0.7192982456140351,0,,0.7381753686121112,0.7381753686121112,0
C,3,1,29,71,0.6184162555088267,0.6198448807023978,0.6209735942189831,0.4485380116959064,0.7368421052631579,0,,0.7375544519856182,0.7375544519856182,0
D,2,0,0,42,0.609696330445353,0.6086474167881041,,0.9373563218390805,1.0,1,11,0.6279857404619891,0.6279857404619891,1
D,2,0,1,43,0.6101756999738943,0.609871931274059,,0.9362068965517242,1.0,1,11,0.6312618092365978,0.6312618092365978,1
D,2,0,2,44,0.6102454715511573,0.6053488557410687,,0.9363218390804597,1.0,1,11,0.6283700667418906,0.6283700667418906,1
D,2,0,3,45,0.6098800036059628,0.6062491155464064,,0.9372413793103448,1.0,1,11,0.6276088873641729,0.6276088873641729,1
D,2,0,4,46,0.6063666044823874,0.6094502202611487,,0.9402298850574713,1.0,1,10,0.6223488971026767,0.6223488971026767,1
D,2,0,5,47,0.6073851031884935,0.6056491437906203,,0.9367816091954023,1.0,1,11,0.6250557729402333,0.6250557729402333,1
D,2,0,6,48,0.6089099393703785,0.6066306869895768,,0.9379310344827585,1.0,1,11,0.6255281438146002,0.6255281438146002,1
D,2,0,7,49,0.6091456233974977,0.6067769269847916,,0.937816091954023,1.0,1,11,0.6270931990571855,0.6270931990571855,1
D,2,0,8,50,0.6096713822225024,0.6084950300644019,,0.9380459770114942,1.0,1,10,0.626746951184284,0.626746951184284,1
D,2,0,9,51,0.6081653199949623,0.6046870596167534,,0.9354022988505748,1.0,1,11,0.6227145357361666,0.6227145357361666,1
D,2,0,10,52,0.6073713980561345,0.6046332147884563,,0.9406896551724138,1.0,1,10,0.62264965766305,0.62264965766305,1
D,2,0,11,53,0.6072360765567698,0.6071787075298163,,0.9352873563218391,1.0,1,11,0.6270230566231622,0.6270230566231622,1
D,2,0,12,54,0.6114294666397884,0.6057504317926501,,0.9356321839080459,1.0,1,11,0.6281277421264208,0.6281277421264208,1
D,2,0,13,55,0.6104635565838645,0.602835573075557,,0.9352873563218391,1.0,1,11,0.6259507579872546,0.6259507579872546,1
D,2,0,14,56,0.6090336899823481,0.6051416590532875,,0.9386206896551724,1.0,1,11,0.6249500155532561,0.6249500155532561,1
D,2,0,15,57,0.6102186713554962,0.6095976360343952,,0.9372413793103448,1.0,1,11,0.6300217207170038,0.6300217207170038,1
D,2,0,16,58,0.6075731526634909,0.6081941002767391,,0.9383908045977012,1.0,1,10,0.6247605469729774,0.6247605469729774,1
D,2,0,17,59,0.6088930227856479,0.6111736511184676,,0.9386206896551724,1.0,1,10,0.627701912578744,0.627701912578744,1
D,2,0,18,60,0.6083759189115406,0.6073950332990308,,0.9344827586206897,1.0,1,11,0.6275969936765396,0.6275969936765396,1
D,2,0,19,61,0.6079092565401539,0.6102596112905959,,0.9372413793103448,1.0,1,11,0.6266530564183547,0.6266530564183547,1
D,2,0,20,62,0.6094096325734962,0.6064611426742537,,0.9391954022988506,1.0,1,10,0.6242868153143942,0.6242868153143942,1
D,2,0,21,63,0.6086408641238222,0.6084047155165996,,0.9381609195402298,1.0,1,11,0.6270427588973504,0.6270427588973504,1
D,2,0,22,64,0.6087671697828082,0.6074335431424396,,0.9363218390804597,1.0,1,11,0.6285363757105492,0.6285363757105492,1
D,2,0,23,65,0.60692346402341,0.6056032777118947,,0.9358620689655173,1.0,1,11,0.6247310372891263,0.6247310372891263,1
D,2,0,24,66,0.6093042000118462,0.6068297433436701,,0.9358620689655173,1.0,1,11,0.6282016749080166,0.6282016749080166,1
D,2,0,25,67,0.6090368528939353,0.6062764591931105,,0.9393103448275862,1.0,1,10,0.6260382602562221,0.6260382602562221,1
D,2,0,26,68,0.6100693272492027,0.6094929109752256,,0.9352873563218391,1.0,1,11,0.6281893992677811,0.6281893992677811,1
D,2,0,27,69,0.6073090146376889,0.6064213098941119,,0.9356321839080459,1.0,1,11,0.6245255308590343,0.6245255308590343,1
D,2,0,28,70,0.6083973733583474,0.6080393152641534,,0.9359770114942529,1.0,1,11,0.6254371618027318,0.6254371618027318,1
D,2,0,29,71,0.6055345371008762,0.607056736105087,,0.9377011494252874,1.0,1,11,0.6233503774119493,0.6233503774119493,1
E,3,0,0,42,0.6233768669027746,0.6198162430139871,0.6210824830262017,0.49637426900584797,0.7017543859649122,0,,0.7397122404094096,0.7397122404094096,0
E,3,0,1,43,0.6236178031783984,0.6214149732108293,0.6202323065302574,0.43298245614035086,0.7017543859649122,0,,0.742631762975269,0.742631762975269,0
E,3,0,2,44,0.6239909491949825,0.6167828213542245,0.6177117546611459,0.4757894736842105,0.7017543859649122,0,,0.7403591603731535,0.7403591603731535,0
E,3,0,3,45,0.623679350669503,0.6178337008080907,0.617951487457706,0.47321637426900587,0.7368421052631579,0,,0.739921740361318,0.739921740361318,0
E,3,0,4,46,0.6205336531479092,0.6207404940434047,0.6228226662163714,0.4967251461988304,0.7719298245614035,0,,0.7357302422775309,0.7357302422775309,0
E,3,0,5,47,0.6214080612501243,0.6176956475953997,0.6209572116573939,0.4752046783625731,0.7017543859649122,0,,0.7388100832321893,0.7388100832321893,0
E,3,0,6,48,0.6224540800987544,0.6182719913239789,0.6205412246422138,0.4831578947368421,0.7192982456140351,0,,0.7378922311118865,0.7378922311118865,0
E,3,0,7,49,0.6226651010700033,0.6182691849776556,0.620777564262503,0.5009356725146199,0.7543859649122807,0,,0.7394127665022574,0.7394127665022574,0
E,3,0,8,50,0.6233525158991419,0.6201161726000014,0.619644718103811,0.5052631578947367,0.7368421052631579,0,,0.7386712580357335,0.7386712580357335,0
E,3,0,9,51,0.6220825126903279,0.6171612449527423,0.6159123820494097,0.5058479532163742,0.7543859649122807,0,,0.7356591142224408,0.7356591142224408,0
E,3,0,10,52,0.6212226498533073,0.6161175082135352,0.6195046000981629,0.4722807017543859,0.7543859649122807,0,,0.7364762383221877,0.7364762383221877,0
E,3,0,11,53,0.6211742339059672,0.6185669772553469,0.6151290140715371,0.504093567251462,0.7719298245614035,0,,0.7401943102992176,0.7401943102992176,0
E,3,0,12,54,0.6249669249598298,0.6177665477287962,0.6169145562642779,0.48713450292397664,0.7017543859649122,0,,0.7395659824552171,0.7395659824552171,0
E,3,0,13,55,0.6239059873784013,0.6148460167249911,0.6174275669476745,0.4686549707602339,0.7017543859649122,0,,0.7381803920746629,0.7381803920746629,0
E,3,0,14,56,0.6226232141835901,0.6161060941264226,0.6181246066137054,0.4908771929824562,0.7543859649122807,0,,0.7369646578440576,0.7369646578440576,0
E,3,0,15,57,0.6235747623469479,0.621334163221551,0.6165615012004139,0.44666666666666666,0.7894736842105263,0,,0.7411219866956708,0.7411219866956708,0
E,3,0,16,58,0.6215027643580836,0.6196160246670014,0.6172289532881066,0.5222222222222221,0.7894736842105263,0,,0.7374720464826364,0.7374720464826364,0
E,3,0,17,59,0.6223472478149419,0.622324794441039,0.6165568626916617,0.4348538011695906,0.7192982456140351,0,,0.7388597888316544,0.7388597888316544,0
E,3,0,18,60,0.6222969394597052,0.6187801399139947,0.618020685764224,0.4768421052631579,0.8245614035087719,0,,0.7404622649855975,0.7404622649855975,0
E,3,0,19,61,0.6216514224988515,0.6220473670573055,0.6166716799337003,0.464093567251462,0.7017543859649122,0,,0.7386887039909855,0.7386887039909855,0
E,3,0,20,62,0.6231567147392534,0.618059736759933,0.6185909585954901,0.476140350877193,0.7017543859649122,0,,0.736368651995564,0.736368651995564,0
E,3,0,21,63,0.6224156520494776,0.6194324198525132,0.6168733196624338,0.46994152046783627,0.7192982456140351,0,,0.7387839879265983,0.7387839879265983,0
E,3,0,22,64,0.6224003561711798,0.6189017028042832,0.6205913769020819,0.48678362573099415,0.7368421052631579,0,,0.7410463461970648,0.7410463461970648,0
E,3,0,23,65,0.6210495521442915,0.6170263454888387,0.6173371892706365,0.47602339181286546,0.7192982456140351,0,,0.7385046395618196,0.7385046395618196,0
E,3,0,24,66,0.6226377644792779,0.6182645044434077,0.6193866920052045,0.4968421052631579,0.7368421052631579,0,,0.7403135156693752,0.7403135156693752,0
E,3,0,25,67,0.6226736992340206,0.6184749927824761,0.6185965120200954,0.47602339181286546,0.7368421052631579,0,,0.7385863489638006,0.7385863489638006,0
E,3,0,26,68,0.6238390478764388,0.6208936965761515,0.6167008006820668,0.4902923976608187,0.7368421052631579,0,,0.7397306192997422,0.7397306192997422,0
E,3,0,27,69,0.6209763194773639,0.6182125572763346,0.6159446805142414,0.451812865497076,0.7192982456140351,0,,0.7369964653292704,0.7369964653292704,0
E,3,0,28,70,0.6224065752575058,0.6192098876865704,0.6180618063261659,0.48783625730994157,0.7192982456140351,0,,0.7381665613128731,0.7381665613128731,0
E,3,0,29,71,0.6193715577289073,0.619196695770791,0.6188212579779311,0.4464327485380117,0.7192982456140351,0,,0.7370386559499071,0.7370386559499071,0
