run_index,seed,topology,survival_checkpoint_year,survived_500_year_mark,survived_final_year,final_governance_stability,final_human_control_index,minimum_human_control_index,fragmentation_count,final_connected_components,largest_component_ratio,contagion_containment,contagion_initial_failures,contagion_secondary_failures,trust_memory_decay,final_cooperation,final_recovered_node_rate,final_trust_memory,final_infiltrator_count,final_isolated_infiltrator_count,adversary_isolation_rate,reconnection_rate,signal_propagation_rate,time_to_isolation,defense_edge_cuts,minimum_cooperation,minimum_trust_memory,post_betrayal_min_cooperation,first_cooperation_collapse_year,time_to_collapse,recovery_year,time_to_recovery,recovered_network_size,recovered_within_window,collapsed,peak_governance_backlog,dominant_defense_action,proposal_quota_count,ai_legislative_processors_count,foundational_veto_count
1,42,federation,500,True,True,0.969,1.0,1.0,6,7,0.91,0.0,1,0,0.1,0.907,0.984,0.91,6,6,1.0,0.05,1.0,98.333,20,0.744,0.744,0.748,100,0,,110,65,False,True,0.0,none,0,0,0
2,43,federation,500,True,True,0.97,1.0,1.0,6,7,0.915,0.0,0,0,0.1,0.915,1.0,0.915,6,6,1.0,0.0,1.0,100.0,18,0.715,0.715,0.747,100,,170,70,67,True,False,0.0,none,0,0,0
3,44,federation,500,True,True,0.968,1.0,1.0,6,7,0.909,0.0,0,0,0.1,0.909,1.0,0.909,6,6,1.0,0.0,1.0,100.0,18,0.735,0.735,0.75,100,,160,60,67,True,False,0.0,none,0,0,0
4,45,federation,500,True,True,0.969,1.0,1.0,6,7,0.912,0.0,0,0,0.1,0.912,1.0,0.912,6,6,1.0,0.0,1.0,100.0,18,0.737,0.766,0.737,100,,190,90,66,True,False,0.0,none,0,0,0
5,46,federation,500,True,True,0.969,1.0,1.0,6,7,0.91,0.0,0,0,0.1,0.91,1.0,0.91,6,6,1.0,0.0,1.0,100.0,18,0.734,0.736,0.734,100,,180,80,66,True,False,0.0,none,0,0,0
6,47,federation,500,True,True,0.961,1.0,1.0,6,7,0.912,0.0,0,0,0.1,0.908,0.984,0.912,6,6,1.0,0.0,1.0,100.0,18,0.74,0.745,0.74,100,,170,70,66,True,False,0.0,none,0,0,0
7,48,federation,500,True,True,0.97,1.0,1.0,6,8,0.899,0.0,0,0,0.1,0.913,1.0,0.913,6,6,1.0,0.0,0.984,100.0,18,0.733,0.755,0.733,100,,190,90,66,True,False,0.0,none,0,0,0
8,49,federation,500,True,True,0.97,1.0,1.0,6,7,0.913,0.0,0,0,0.1,0.913,1.0,0.913,6,6,1.0,0.0,1.0,100.0,18,0.74,0.743,0.74,100,,190,90,67,True,False,0.0,none,0,0,0
9,50,federation,500,True,True,0.97,1.0,1.0,6,7,0.913,0.0,0,0,0.1,0.913,1.0,0.913,6,6,1.0,0.0,1.0,113.333,19,0.74,0.751,0.74,100,,180,80,67,True,False,0.0,none,0,0,0
10,51,federation,500,True,True,0.96,1.0,1.0,6,7,0.91,0.0,0,0,0.1,0.909,1.0,0.91,6,6,1.0,0.0,1.0,100.0,17,0.733,0.733,0.734,100,,180,80,65,True,False,0.0,none,0,0,0
11,52,federation,500,True,True,0.969,1.0,1.0,6,7,0.912,0.0,1,0,0.1,0.912,1.0,0.912,6,6,1.0,0.0,1.0,100.0,18,0.74,0.751,0.74,100,,180,80,66,True,False,0.0,none,0,0,0
12,53,federation,500,True,True,0.968,1.0,1.0,6,7,0.912,0.0,0,0,0.1,0.912,1.0,0.912,6,6,1.0,0.0,1.0,100.0,18,0.743,0.743,0.747,100,,180,80,67,True,False,0.0,none,0,0,0
13,54,federation,500,True,True,0.968,1.0,1.0,6,7,0.909,0.0,0,0,0.1,0.909,1.0,0.909,6,6,1.0,0.0,1.0,100.0,17,0.76,0.76,0.767,100,,150,50,66,True,False,0.0,none,0,0,0
14,55,federation,500,True,True,0.968,1.0,1.0,6,7,0.909,0.0,0,0,0.1,0.909,1.0,0.909,6,6,1.0,0.0,1.0,100.0,18,0.72,0.72,0.735,100,,180,80,66,True,False,0.0,none,0,0,0
15,56,federation,500,True,True,0.97,1.0,1.0,6,7,0.914,0.0,0,0,0.1,0.914,1.0,0.914,6,6,1.0,0.143,1.0,100.0,21,0.752,0.765,0.752,100,,170,70,68,True,False,0.0,none,0,0,0
16,57,federation,500,True,True,0.969,1.0,1.0,6,7,0.91,0.0,0,0,0.1,0.91,1.0,0.91,6,6,1.0,0.0,1.0,100.0,18,0.758,0.758,0.768,120,,150,50,66,True,False,0.0,none,0,0,0
17,58,federation,500,True,True,0.968,1.0,1.0,6,7,0.909,0.0,0,0,0.1,0.909,1.0,0.909,6,6,1.0,0.0,1.0,100.0,18,0.738,0.743,0.738,100,,170,70,67,True,False,0.0,none,0,0,0
18,59,federation,500,True,True,0.966,1.0,1.0,6,7,0.914,0.0,0,0,0.1,0.914,1.0,0.914,6,6,1.0,0.0,1.0,100.0,18,0.752,0.753,0.752,100,,170,70,66,True,False,0.0,none,0,0,0
19,60,federation,500,True,True,0.969,1.0,1.0,6,7,0.912,0.0,0,0,0.1,0.912,1.0,0.912,6,6,1.0,0.0,1.0,100.0,18,0.742,0.742,0.745,100,,160,60,67,True,False,0.0,none,0,0,0
20,61,federation,500,True,True,0.968,1.0,1.0,6,7,0.909,0.0,0,0,0.1,0.909,1.0,0.909,6,6,1.0,0.0,1.0,100.0,18,0.746,0.764,0.746,100,,160,60,67,True,False,0.0,none,0,0,0
21,62,federation,500,True,True,0.968,1.0,1.0,6,7,0.909,0.0,0,0,0.1,0.909,1.0,0.909,6,6,1.0,0.105,1.0,96.667,20,0.729,0.735,0.729,100,,200,100,66,True,False,0.0,none,0,0,0
22,63,federation,500,True,True,0.97,1.0,1.0,6,7,0.915,0.0,0,0,0.1,0.915,1.0,0.915,6,6,1.0,0.105,1.0,100.0,19,0.747,0.747,0.752,100,,170,70,67,True,False,0.0,none,0,0,0
23,64,federation,500,True,True,0.969,1.0,1.0,6,7,0.912,0.0,0,0,0.1,0.912,1.0,0.912,6,6,1.0,0.0,1.0,100.0,18,0.738,0.738,0.738,100,,180,80,68,True,False,0.0,none,0,0,0
24,65,federation,500,True,True,0.95,1.0,1.0,6,8,0.894,0.0,0,0,0.1,0.909,1.0,0.909,6,6,1.0,0.0,0.983,100.0,18,0.734,0.734,0.759,100,,150,50,65,True,False,0.0,none,0,0,0
25,66,federation,500,True,True,0.968,1.0,1.0,6,8,0.892,0.0,0,0,0.1,0.908,1.0,0.908,6,6,1.0,0.0,0.983,100.0,18,0.739,0.747,0.739,100,,170,70,65,True,False,0.0,none,0,0,0
26,67,federation,500,True,True,0.968,1.0,1.0,6,7,0.909,0.0,0,0,0.1,0.909,1.0,0.909,6,6,1.0,0.0,1.0,100.0,18,0.755,0.763,0.755,100,,160,60,65,True,False,0.0,none,0,0,0
27,68,federation,500,True,True,0.969,1.0,1.0,6,7,0.912,0.0,0,0,0.1,0.912,1.0,0.912,6,6,1.0,0.0,1.0,100.0,18,0.748,0.748,0.748,100,,170,70,67,True,False,0.0,none,0,0,0
28,69,federation,500,True,True,0.951,1.0,1.0,6,7,0.912,0.0,0,0,0.1,0.912,1.0,0.912,6,6,1.0,0.0,1.0,100.0,18,0.743,0.762,0.743,100,,190,90,67,True,False,0.0,none,0,0,0
29,70,federation,500,True,True,0.958,1.0,1.0,6,8,0.894,0.0,0,0,0.1,0.909,1.0,0.909,6,6,1.0,0.0,0.983,100.0,18,0.75,0.773,0.75,100,,160,60,65,True,False,0.0,none,0,0,0
30,71,federation,500,True,True,0.968,1.0,1.0,6,7,0.909,0.0,0,0,0.1,0.909,1.0,0.909,6,6,1.0,0.0,1.0,100.0,18,0.749,0.749,0.758,100,,160,60,66,True,False,0.0,none,0,0,0
31,72,federation,500,True,True,0.969,1.0,1.0,6,7,0.912,0.0,0,0,0.1,0.912,1.0,0.912,6,6,1.0,0.0,1.0,100.0,18,0.747,0.755,0.747,100,,160,60,66,True,False,0.0,none,0,0,0
32,73,federation,500,True,True,0.969,1.0,1.0,6,7,0.912,0.0,0,0,0.1,0.912,1.0,0.912,6,6,1.0,0.0,1.0,100.0,18,0.744,0.744,0.749,100,,170,70,66,True,False,0.0,none,0,0,0
33,74,federation,500,True,True,0.969,1.0,1.0,6,7,0.91,0.0,0,0,0.1,0.91,1.0,0.91,6,6,1.0,0.0,1.0,100.0,17,0.751,0.763,0.751,100,,170,70,67,True,False,0.0,none,0,0,0
34,75,federation,500,True,True,0.969,1.0,1.0,6,7,0.912,0.0,0,0,0.1,0.912,1.0,0.912,6,6,1.0,0.0,1.0,100.0,18,0.736,0.75,0.736,100,,200,100,67,True,False,0.0,none,0,0,0
35,76,federation,500,True,True,0.968,1.0,1.0,6,7,0.909,0.0,0,0,0.1,0.909,1.0,0.909,6,6,1.0,0.0,1.0,100.0,18,0.716,0.716,0.741,100,,180,80,66,True,False,0.0,none,0,0,0
36,77,federation,500,True,True,0.968,1.0,1.0,6,7,0.909,0.0,0,0,0.1,0.909,1.0,0.909,6,6,1.0,0.0,1.0,100.0,18,0.727,0.727,0.731,100,,180,80,66,True,False,0.0,none,0,0,0
37,78,federation,500,True,True,0.97,1.0,1.0,6,7,0.914,0.0,0,0,0.1,0.914,1.0,0.914,6,6,1.0,0.0,1.0,100.0,18,0.753,0.758,0.753,100,,170,70,67,True,False,0.0,none,0,0,0
38,79,federation,500,True,True,0.967,1.0,1.0,6,7,0.909,0.0,0,0,0.1,0.909,1.0,0.909,6,6,1.0,0.0,1.0,100.0,18,0.743,0.755,0.743,100,,190,90,66,True,False,0.0,none,0,0,0
39,80,federation,500,True,True,0.969,1.0,1.0,6,7,0.913,0.0,0,0,0.1,0.913,1.0,0.913,6,6,1.0,0.0,1.0,100.0,18,0.734,0.734,0.736,100,,180,80,68,True,False,0.0,none,0,0,0
40,81,federation,500,True,True,0.967,1.0,1.0,6,7,0.906,0.0,0,0,0.1,0.906,1.0,0.906,6,6,1.0,0.136,1.0,100.0,22,0.727,0.739,0.727,100,0,,130,58,False,True,0.0,none,0,0,0
41,82,federation,500,True,True,0.968,1.0,1.0,6,7,0.908,0.0,0,0,0.1,0.908,1.0,0.908,6,6,1.0,0.0,1.0,100.0,17,0.743,0.756,0.743,100,,170,70,67,True,False,0.0,none,0,0,0
42,83,federation,500,True,True,0.969,1.0,1.0,6,7,0.91,0.0,0,0,0.1,0.91,1.0,0.91,6,6,1.0,0.0,1.0,100.0,17,0.718,0.744,0.718,100,0,,110,65,False,True,0.0,none,0,0,0
43,84,federation,500,True,True,0.951,1.0,1.0,7,8,0.896,0.0,0,0,0.1,0.91,1.0,0.91,6,6,1.0,0.0,1.0,100.0,18,0.725,0.744,0.725,100,0,,110,66,False,True,0.0,none,0,0,0
44,85,federation,500,True,True,0.968,1.0,1.0,6,7,0.91,0.0,0,0,0.1,0.91,1.0,0.91,6,6,1.0,0.0,1.0,100.0,18,0.745,0.757,0.745,100,,170,70,66,True,False,0.0,none,0,0,0
45,86,federation,500,True,True,0.97,1.0,1.0,6,7,0.913,0.0,0,0,0.1,0.913,1.0,0.913,6,6,1.0,0.0,1.0,100.0,18,0.739,0.75,0.739,100,,170,70,67,True,False,0.0,none,0,0,0
46,87,federation,500,True,True,0.969,1.0,1.0,6,7,0.91,0.0,0,0,0.1,0.91,1.0,0.91,6,6,1.0,0.0,1.0,100.0,18,0.737,0.746,0.737,100,,170,70,65,True,False,0.0,none,0,0,0
47,88,federation,500,True,True,0.97,1.0,1.0,6,7,0.915,0.0,0,0,0.1,0.915,1.0,0.915,6,6,1.0,0.0,1.0,100.0,18,0.729,0.729,0.744,100,,170,70,66,True,False,0.0,none,0,0,0
48,89,federation,500,True,True,0.968,1.0,1.0,6,7,0.909,0.0,0,0,0.1,0.909,1.0,0.909,6,6,1.0,0.0,1.0,100.0,20,0.735,0.735,0.737,100,,190,90,68,True,False,0.0,none,0,0,0
49,90,federation,500,True,True,0.969,1.0,1.0,6,8,0.896,0.0,1,0,0.1,0.91,1.0,0.91,6,6,1.0,0.053,0.984,98.333,19,0.711,0.754,0.711,100,0,,120,59,False,True,0.0,none,0,0,0
50,91,federation,500,True,True,0.968,1.0,1.0,6,7,0.908,0.0,0,0,0.1,0.908,1.0,0.908,6,6,1.0,0.0,1.0,100.0,18,0.753,0.753,0.765,100,,150,50,66,True,False,0.0,none,0,0,0
51,92,federation,500,True,True,0.97,1.0,1.0,6,7,0.913,0.0,0,0,0.1,0.913,1.0,0.913,6,6,1.0,0.0,1.0,100.0,18,0.746,0.766,0.746,100,,170,70,68,True,False,0.0,none,0,0,0
52,93,federation,500,True,True,0.969,1.0,1.0,6,7,0.91,0.0,1,0,0.1,0.91,1.0,0.91,6,6,1.0,0.0,1.0,100.0,18,0.739,0.768,0.739,100,,190,90,68,True,False,0.0,none,0,0,0
53,94,federation,500,True,True,0.97,1.0,1.0,6,7,0.913,0.0,0,0,0.1,0.913,1.0,0.913,6,6,1.0,0.0,1.0,100.0,18,0.752,0.755,0.752,100,,160,60,67,True,False,0.0,none,0,0,0
54,95,federation,500,True,True,0.969,1.0,1.0,6,7,0.91,0.0,0,0,0.1,0.91,1.0,0.91,6,6,1.0,0.0,1.0,100.0,18,0.756,0.765,0.756,100,,150,50,65,True,False,0.0,none,0,0,0
55,96,federation,500,True,True,0.969,1.0,1.0,6,7,0.91,0.0,1,0,0.1,0.91,1.0,0.91,6,6,1.0,0.0,1.0,100.0,18,0.729,0.729,0.731,100,,180,80,66,True,False,0.0,none,0,0,0
56,97,federation,500,True,True,0.969,1.0,1.0,6,7,0.91,0.0,0,0,0.1,0.91,1.0,0.91,6,6,1.0,0.0,1.0,100.0,18,0.718,0.745,0.718,100,,190,90,65,True,False,0.0,none,0,0,0
57,98,federation,500,True,True,0.969,1.0,1.0,6,7,0.912,0.0,0,0,0.1,0.912,1.0,0.912,6,6,1.0,0.0,1.0,100.0,18,0.743,0.744,0.743,100,,180,80,67,True,False,0.0,none,0,0,0
58,99,federation,500,True,True,0.968,1.0,1.0,6,7,0.908,0.0,1,0,0.1,0.908,1.0,0.908,6,6,1.0,0.0,1.0,100.0,18,0.739,0.739,0.755,100,,160,60,65,True,False,0.0,none,0,0,0
59,100,federation,500,True,True,0.969,1.0,1.0,6,7,0.91,0.0,0,0,0.1,0.907,0.984,0.91,6,6,1.0,0.0,1.0,100.0,17,0.734,0.74,0.734,100,,200,100,65,True,False,0.0,none,0,0,0
60,101,federation,500,True,True,0.97,1.0,1.0,6,7,0.913,0.0,1,0,0.1,0.909,0.984,0.913,6,6,1.0,0.0,1.0,100.0,18,0.733,0.746,0.733,100,0,,120,60,False,True,0.0,none,0,0,0
61,102,federation,500,True,True,0.967,1.0,1.0,6,8,0.892,0.0,0,0,0.1,0.908,1.0,0.907,6,6,1.0,0.0,0.983,98.333,18,0.73,0.759,0.73,100,0,,110,62,False,True,0.0,none,0,0,0
62,103,federation,500,True,True,0.969,1.0,1.0,6,7,0.91,0.0,0,0,0.1,0.91,1.0,0.91,6,6,1.0,0.0,1.0,100.0,18,0.745,0.753,0.745,100,,160,60,66,True,False,0.0,none,0,0,0
63,104,federation,500,True,True,0.968,1.0,1.0,6,7,0.909,0.0,0,0,0.1,0.905,0.983,0.909,6,6,1.0,0.0,1.0,100.0,17,0.726,0.726,0.733,100,,200,100,66,True,False,0.0,none,0,0,0
64,105,federation,500,True,True,0.968,1.0,1.0,6,7,0.908,0.0,0,0,0.1,0.908,1.0,0.908,6,6,1.0,0.0,1.0,100.0,18,0.764,0.774,0.764,100,,150,50,66,True,False,0.0,none,0,0,0
65,106,federation,500,True,True,0.969,1.0,1.0,6,7,0.91,0.0,1,0,0.1,0.91,1.0,0.91,6,6,1.0,0.0,1.0,100.0,18,0.731,0.749,0.731,100,,180,80,68,True,False,0.0,none,0,0,0
66,107,federation,500,True,True,0.969,1.0,1.0,6,7,0.912,0.0,0,0,0.1,0.912,1.0,0.912,6,6,1.0,0.0,1.0,100.0,18,0.734,0.734,0.764,100,,150,50,66,True,False,0.0,none,0,0,0
67,108,federation,500,True,True,0.969,1.0,1.0,6,7,0.912,0.0,0,0,0.1,0.912,1.0,0.912,6,6,1.0,0.0,1.0,100.0,18,0.745,0.753,0.745,100,,170,70,66,True,False,0.0,none,0,0,0
68,109,federation,500,True,True,0.969,1.0,1.0,6,7,0.91,0.0,0,0,0.1,0.91,1.0,0.91,6,6,1.0,0.0,1.0,100.0,18,0.765,0.766,0.765,100,,150,50,66,True,False,0.0,none,0,0,0
69,110,federation,500,True,True,0.95,1.0,1.0,6,7,0.909,0.0,0,0,0.1,0.909,1.0,0.909,6,6,1.0,0.0,1.0,100.0,17,0.738,0.738,0.759,100,,170,70,66,True,False,0.0,none,0,0,0
70,111,federation,500,True,True,0.968,1.0,1.0,6,7,0.909,0.0,0,0,0.1,0.908,1.0,0.909,6,6,1.0,0.0,1.0,100.0,18,0.749,0.765,0.749,100,,170,70,66,True,False,0.0,none,0,0,0
71,112,federation,500,True,True,0.969,1.0,1.0,6,7,0.913,0.0,0,0,0.1,0.912,1.0,0.913,6,6,1.0,0.0,1.0,100.0,18,0.737,0.743,0.737,100,,200,100,67,True,False,0.0,none,0,0,0
72,113,federation,500,True,True,0.959,1.0,1.0,6,7,0.913,0.0,0,0,0.1,0.913,1.0,0.913,6,6,1.0,0.0,1.0,113.333,19,0.741,0.741,0.747,100,,170,70,67,True,False,0.0,none,0,0,0
73,114,federation,500,True,True,0.968,1.0,1.0,6,7,0.909,0.0,1,0,0.1,0.909,1.0,0.909,6,6,1.0,0.0,1.0,100.0,18,0.722,0.743,0.722,100,0,,110,65,False,True,0.0,none,0,0,0
74,115,federation,500,True,True,0.969,1.0,1.0,6,7,0.91,0.0,0,0,0.1,0.91,1.0,0.91,6,6,1.0,0.0,1.0,100.0,18,0.768,0.768,0.772,100,,150,50,67,True,False,0.0,none,0,0,0
75,116,federation,500,True,True,0.968,1.0,1.0,6,7,0.909,0.0,0,0,0.1,0.909,1.0,0.909,6,6,1.0,0.0,1.0,100.0,18,0.714,0.714,0.733,100,,190,90,66,True,False,0.0,none,0,0,0
76,117,federation,500,True,True,0.969,1.0,1.0,6,8,0.896,0.0,0,0,0.1,0.91,1.0,0.91,6,6,1.0,0.0,0.984,100.0,18,0.744,0.744,0.748,100,,180,80,66,True,False,0.0,none,0,0,0
77,118,federation,500,True,True,0.97,1.0,1.0,6,7,0.914,0.0,1,0,0.1,0.914,1.0,0.914,6,6,1.0,0.0,1.0,100.0,18,0.724,0.778,0.724,100,,200,100,66,True,False,0.0,none,0,0,0
78,119,federation,500,True,True,0.969,1.0,1.0,6,9,0.882,0.0,0,0,0.1,0.912,1.0,0.912,6,6,1.0,0.0,0.968,100.0,18,0.729,0.773,0.729,100,,180,80,64,True,False,0.0,none,0,0,0
79,120,federation,500,True,True,0.97,1.0,1.0,6,7,0.913,0.0,0,0,0.1,0.913,1.0,0.913,6,6,1.0,0.0,1.0,100.0,18,0.755,0.758,0.755,100,,160,60,68,True,False,0.0,none,0,0,0
80,121,federation,500,True,True,0.961,1.0,1.0,6,7,0.909,0.0,0,0,0.1,0.909,1.0,0.909,6,6,1.0,0.0,1.0,98.333,18,0.726,0.726,0.744,100,,180,80,65,True,False,0.0,none,0,0,0
81,122,federation,500,True,True,0.967,1.0,1.0,6,7,0.906,0.0,0,0,0.1,0.906,1.0,0.906,6,6,1.0,0.0,1.0,100.0,17,0.75,0.75,0.764,100,,150,50,65,True,False,0.0,none,0,0,0
82,123,federation,500,True,True,0.969,1.0,1.0,6,7,0.91,0.0,0,0,0.1,0.91,1.0,0.91,6,6,1.0,0.0,1.0,100.0,18,0.731,0.77,0.731,100,,190,90,66,True,False,0.0,none,0,0,0
83,124,federation,500,True,True,0.967,1.0,1.0,6,7,0.906,0.0,0,0,0.1,0.906,1.0,0.906,6,6,1.0,0.0,1.0,100.0,17,0.753,0.753,0.756,100,,150,50,65,True,False,0.0,none,0,0,0
84,125,federation,500,True,True,0.969,1.0,1.0,6,7,0.912,0.0,0,0,0.1,0.912,1.0,0.912,6,6,1.0,0.0,1.0,100.0,18,0.749,0.749,0.754,100,,160,60,66,True,False,0.0,none,0,0,0
85,126,federation,500,True,True,0.969,1.0,1.0,6,7,0.912,0.0,0,0,0.1,0.912,1.0,0.912,6,6,1.0,0.0,1.0,100.0,18,0.74,0.752,0.74,100,,190,90,67,True,False,0.0,none,0,0,0
86,127,federation,500,True,True,0.969,1.0,1.0,6,7,0.912,0.0,1,0,0.1,0.911,1.0,0.912,6,6,1.0,0.0,1.0,100.0,18,0.73,0.73,0.741,100,,170,70,65,True,False,0.0,none,0,0,0
87,128,federation,500,True,True,0.966,1.0,1.0,6,7,0.913,0.0,0,0,0.1,0.913,1.0,0.913,6,6,1.0,0.0,1.0,100.0,17,0.75,0.771,0.75,100,,160,60,66,True,False,0.0,none,0,0,0
88,129,federation,500,True,True,0.968,1.0,1.0,6,7,0.91,0.0,0,0,0.1,0.91,1.0,0.91,6,6,1.0,0.0,1.0,100.0,18,0.747,0.755,0.747,100,,180,80,66,True,False,0.0,none,0,0,0
89,130,federation,500,True,True,0.969,1.0,1.0,6,7,0.91,0.0,0,0,0.1,0.91,1.0,0.91,6,6,1.0,0.0,1.0,100.0,18,0.726,0.774,0.726,100,,180,80,67,True,False,0.0,none,0,0,0
90,131,federation,500,True,True,0.969,1.0,1.0,6,7,0.91,0.0,0,0,0.1,0.91,1.0,0.91,6,6,1.0,0.0,1.0,111.667,19,0.741,0.741,0.753,100,,190,90,65,True,False,0.0,none,0,0,0
91,132,federation,500,True,True,0.969,1.0,1.0,6,7,0.91,0.0,0,0,0.1,0.91,1.0,0.91,6,6,1.0,0.0,1.0,100.0,18,0.743,0.743,0.757,100,,160,60,67,True,False,0.0,none,0,0,0
92,133,federation,500,True,True,0.95,1.0,1.0,6,7,0.909,0.0,0,0,0.1,0.909,1.0,0.909,6,6,1.0,0.0,1.0,100.0,18,0.721,0.721,0.739,100,,180,80,67,True,False,0.0,none,0,0,0
93,134,federation,500,True,True,0.968,1.0,1.0,6,7,0.908,0.0,0,0,0.1,0.908,1.0,0.908,6,6,1.0,0.0,1.0,100.0,18,0.74,0.752,0.74,100,,180,80,66,True,False,0.0,none,0,0,0
94,135,federation,500,True,True,0.97,1.0,1.0,6,7,0.913,0.0,0,0,0.1,0.913,1.0,0.913,6,6,1.0,0.0,1.0,98.333,17,0.721,0.721,0.746,100,,190,90,66,True,False,0.0,none,0,0,0
95,136,federation,500,True,True,0.968,1.0,1.0,6,7,0.912,0.0,0,0,0.1,0.912,1.0,0.912,6,6,1.0,0.0,1.0,100.0,18,0.743,0.762,0.743,100,,170,70,68,True,False,0.0,none,0,0,0
96,137,federation,500,True,True,0.968,1.0,1.0,6,7,0.909,0.0,0,0,0.1,0.909,1.0,0.909,6,6,1.0,0.0,1.0,100.0,18,0.746,0.746,0.756,100,,160,60,66,True,False,0.0,none,0,0,0
97,138,federation,500,True,True,0.969,1.0,1.0,6,8,0.896,0.0,1,0,0.1,0.91,1.0,0.91,6,6,1.0,0.0,0.984,100.0,18,0.756,0.763,0.756,100,,160,60,65,True,False,0.0,none,0,0,0
98,139,federation,500,True,True,0.964,1.0,1.0,6,7,0.91,0.0,0,0,0.1,0.91,1.0,0.91,6,6,1.0,0.0,1.0,100.0,17,0.698,0.698,0.729,100,,190,90,66,True,False,0.0,none,0,0,0
99,140,federation,500,True,True,0.968,1.0,1.0,6,7,0.909,0.0,0,0,0.1,0.909,1.0,0.909,6,6,1.0,0.0,1.0,100.0,18,0.735,0.774,0.735,100,,180,80,65,True,False,0.0,none,0,0,0
100,141,federation,500,True,True,0.968,1.0,1.0,6,7,0.908,0.0,0,0,0.1,0.908,1.0,0.908,6,6,1.0,0.0,1.0,100.0,18,0.747,0.748,0.747,100,,180,80,65,True,False,0.0,none,0,0,0
