weight_profile,psi_threshold,orig_on_time_tpr,ablation_on_time_tpr,delta_on_time_tpr,orig_fp_rate,ablation_fp_rate,delta_fp_rate,orig_avg_lead,ablation_avg_lead,delta_avg_lead,orig_accepted,ablation_accepted
disturbance_heavy,0.1,1.0,1.0,0.0,1.0,1.0,0.0,52.1625,52.1625,0.0,0,0
disturbance_heavy,0.12,1.0,1.0,0.0,1.0,1.0,0.0,52.1625,52.1625,0.0,0,0
disturbance_heavy,0.14,1.0,1.0,0.0,1.0,1.0,0.0,52.1625,52.1625,0.0,0,0
disturbance_heavy,0.16,1.0,1.0,0.0,1.0,1.0,0.0,52.1625,52.1625,0.0,0,0
disturbance_heavy,0.18,1.0,1.0,0.0,1.0,1.0,0.0,52.1625,52.1625,0.0,0,0
disturbance_heavy,0.2,1.0,1.0,0.0,1.0,0.65,-0.35,52.1625,34.9875,-17.175,0,0
disturbance_heavy,0.22,1.0,1.0,0.0,0.125,0.0,-0.125,23.6375,16.6125,-7.025,0,1
disturbance_heavy,0.24,1.0,1.0,0.0,0.0,0.0,0.0,15.6875,13.575,-2.1125,1,1
disturbance_heavy,0.26,1.0,1.0,0.0,0.0,0.0,0.0,12.9125,11.2375,-1.675,1,1
disturbance_heavy,0.28,1.0,1.0,0.0,0.0,0.0,0.0,10.75,9.35,-1.4,1,1
disturbance_heavy,0.3,1.0,1.0,0.0,0.0,0.0,0.0,8.9875,7.6375,-1.35,1,1
disturbance_heavy,0.32,1.0,1.0,0.0,0.0,0.0,0.0,7.3,4.925,-2.375,1,1
disturbance_heavy,0.34,1.0,0.525,-0.475,0.0,0.0,0.0,5.4125,3.02381,-2.38869,1,0
disturbance_heavy,0.36,1.0,0.5,-0.5,0.0,0.0,0.0,4.75,2.125,-2.625,1,0
disturbance_heavy,0.38,1.0,0.45,-0.55,0.0,0.0,0.0,3.9375,1.25,-2.6875,1,0
disturbance_heavy,0.4,0.675,0.275,-0.4,0.0,0.0,0.0,1.259259,0.954545,-0.304714,0,0
disturbance_heavy,0.42,0.5,0.1375,-0.3625,0.0,0.0,0.0,1.225,0.909091,-0.315909,0,0
disturbance_heavy,0.44,0.4875,0.075,-0.4125,0.0,0.0,0.0,0.846154,0.333333,-0.512821,0,0
disturbance_heavy,0.46,0.325,0.0,-0.325,0.0,0.0,0.0,0.653846,0.0,-0.653846,0,0
disturbance_heavy,0.48,0.175,0.0,-0.175,0.0,0.0,0.0,0.785714,0.0,-0.785714,0,0
disturbance_heavy,0.5,0.1375,0.0,-0.1375,0.0,0.0,0.0,0.272727,0.0,-0.272727,0,0
disturbance_heavy,0.52,0.025,0.0,-0.025,0.0,0.0,0.0,0.0,0.0,0.0,0,0
disturbance_heavy,0.54,0.0,0.0,0.0,0.0,0.0,0.0,0.0,0.0,0.0,0,0
disturbance_heavy,0.56,0.0,0.0,0.0,0.0,0.0,0.0,0.0,0.0,0.0,0,0
disturbance_heavy,0.58,0.0,0.0,0.0,0.0,0.0,0.0,0.0,0.0,0.0,0,0
disturbance_heavy,0.6,0.0,0.0,0.0,0.0,0.0,0.0,0.0,0.0,0.0,0,0
regime_heavy,0.1,1.0,1.0,0.0,1.0,1.0,0.0,52.1625,52.1625,0.0,0,0
regime_heavy,0.12,1.0,1.0,0.0,1.0,1.0,0.0,52.1625,52.1625,0.0,0,0
regime_heavy,0.14,1.0,1.0,0.0,1.0,1.0,0.0,52.1625,52.1625,0.0,0,0
regime_heavy,0.16,1.0,1.0,0.0,1.0,1.0,0.0,52.1625,52.1625,0.0,0,0
regime_heavy,0.18,1.0,1.0,0.0,1.0,0.025,-0.975,52.1625,21.35,-30.8125,0,1
regime_heavy,0.2,1.0,1.0,0.0,1.0,0.0,-1.0,52.1625,14.8,-37.3625,0,1
regime_heavy,0.22,1.0,1.0,0.0,0.0,0.0,0.0,19.5,12.0875,-7.4125,1,1
regime_heavy,0.24,1.0,1.0,0.0,0.0,0.0,0.0,14.2875,9.9125,-4.375,1,1
regime_heavy,0.26,1.0,1.0,0.0,0.0,0.0,0.0,11.7875,7.925,-3.8625,1,1
regime_heavy,0.28,1.0,0.9625,-0.0375,0.0,0.0,0.0,9.75,4.142857,-5.607143,1,1
regime_heavy,0.3,1.0,0.5,-0.5,0.0,0.0,0.0,7.8625,4.325,-3.5375,1,0
regime_heavy,0.32,1.0,0.5,-0.5,0.0,0.0,0.0,6.175,3.175,-3.0,1,0
regime_heavy,0.34,1.0,0.5,-0.5,0.0,0.0,0.0,5.4625,2.025,-3.4375,1,0
regime_heavy,0.36,1.0,0.45,-0.55,0.0,0.0,0.0,4.85,1.194444,-3.655556,1,0
regime_heavy,0.38,1.0,0.2625,-0.7375,0.0,0.0,0.0,4.375,0.952381,-3.422619,1,0
regime_heavy,0.4,1.0,0.125,-0.875,0.0,0.0,0.0,4.1125,0.8,-3.3125,1,0
regime_heavy,0.42,1.0,0.05,-0.95,0.0,0.0,0.0,3.85,0.0,-3.85,1,0
regime_heavy,0.44,1.0,0.0,-1.0,0.0,0.0,0.0,2.225,0.0,-2.225,1,0
regime_heavy,0.46,0.5,0.0,-0.5,0.0,0.0,0.0,1.2,0.0,-1.2,0,0
regime_heavy,0.48,0.5,0.0,-0.5,0.0,0.0,0.0,1.2,0.0,-1.2,0,0
regime_heavy,0.5,0.5,0.0,-0.5,0.0,0.0,0.0,1.15,0.0,-1.15,0,0
regime_heavy,0.52,0.475,0.0,-0.475,0.0,0.0,0.0,0.763158,0.0,-0.763158,0,0
regime_heavy,0.54,0.3125,0.0,-0.3125,0.0,0.0,0.0,0.68,0.0,-0.68,0,0
regime_heavy,0.56,0.175,0.0,-0.175,0.0,0.0,0.0,0.571429,0.0,-0.571429,0,0
regime_heavy,0.58,0.1,0.0,-0.1,0.0,0.0,0.0,0.0,0.0,0.0,0,0
regime_heavy,0.6,0.05,0.0,-0.05,0.0,0.0,0.0,0.0,0.0,0.0,0,0
stability_heavy,0.1,1.0,1.0,0.0,1.0,1.0,0.0,52.1625,52.1625,0.0,0,0
stability_heavy,0.12,1.0,1.0,0.0,1.0,1.0,0.0,52.1625,52.1625,0.0,0,0
stability_heavy,0.14,1.0,1.0,0.0,1.0,1.0,0.0,52.1625,52.1625,0.0,0,0
stability_heavy,0.16,1.0,1.0,0.0,1.0,1.0,0.0,52.1625,52.1625,0.0,0,0
stability_heavy,0.18,1.0,1.0,0.0,1.0,1.0,0.0,52.1625,52.1625,0.0,0,0
stability_heavy,0.2,1.0,1.0,0.0,1.0,0.8,-0.2,52.1625,42.7625,-9.4,0,0
stability_heavy,0.22,1.0,1.0,0.0,0.45,0.0,-0.45,31.8625,19.8125,-12.05,0,1
stability_heavy,0.24,1.0,1.0,0.0,0.0,0.0,0.0,18.8125,16.4875,-2.325,1,1
stability_heavy,0.26,1.0,1.0,0.0,0.0,0.0,0.0,15.8125,14.3125,-1.5,1,1
stability_heavy,0.28,1.0,1.0,0.0,0.0,0.0,0.0,13.8,12.45,-1.35,1,1
stability_heavy,0.3,1.0,1.0,0.0,0.0,0.0,0.0,12.0625,10.9375,-1.125,1,1
stability_heavy,0.32,1.0,1.0,0.0,0.0,0.0,0.0,10.5375,9.5375,-1.0,1,1
stability_heavy,0.34,1.0,1.0,0.0,0.0,0.0,0.0,9.2875,8.35,-0.9375,1,1
stability_heavy,0.36,1.0,1.0,0.0,0.0,0.0,0.0,8.1,7.1125,-0.9875,1,1
stability_heavy,0.38,1.0,1.0,0.0,0.0,0.0,0.0,6.9875,5.7,-1.2875,1,1
stability_heavy,0.4,1.0,0.9625,-0.0375,0.0,0.0,0.0,5.45,2.350649,-3.099351,1,1
stability_heavy,0.42,1.0,0.5,-0.5,0.0,0.0,0.0,4.575,1.95,-2.625,1,0
stability_heavy,0.44,1.0,0.4625,-0.5375,0.0,0.0,0.0,4.05,1.297297,-2.752703,1,0
stability_heavy,0.46,0.9875,0.325,-0.6625,0.0,0.0,0.0,2.443038,1.0,-1.443038,1,0
stability_heavy,0.48,0.525,0.2125,-0.3125,0.0,0.0,0.0,1.166667,0.647059,-0.519608,0,0
stability_heavy,0.5,0.4875,0.1125,-0.375,0.0,0.0,0.0,0.794872,0.555556,-0.239316,0,0
stability_heavy,0.52,0.375,0.05,-0.325,0.0,0.0,0.0,0.733333,0.0,-0.733333,0,0
stability_heavy,0.54,0.275,0.0,-0.275,0.0,0.0,0.0,0.681818,0.0,-0.681818,0,0
stability_heavy,0.56,0.1625,0.0,-0.1625,0.0,0.0,0.0,0.538462,0.0,-0.538462,0,0
stability_heavy,0.58,0.0625,0.0,-0.0625,0.0,0.0,0.0,0.2,0.0,-0.2,0,0
stability_heavy,0.6,0.0,0.0,0.0,0.0,0.0,0.0,0.0,0.0,0.0,0,0
trust_stability,0.1,1.0,1.0,0.0,1.0,1.0,0.0,52.1625,52.1625,0.0,0,0
trust_stability,0.12,1.0,1.0,0.0,1.0,1.0,0.0,52.1625,52.1625,0.0,0,0
trust_stability,0.14,1.0,1.0,0.0,1.0,1.0,0.0,52.1625,52.1625,0.0,0,0
trust_stability,0.16,1.0,1.0,0.0,1.0,1.0,0.0,52.1625,52.1625,0.0,0,0
trust_stability,0.18,1.0,1.0,0.0,1.0,1.0,0.0,52.1625,52.1625,0.0,0,0
trust_stability,0.2,1.0,1.0,0.0,1.0,0.3,-0.7,52.1625,25.625,-26.5375,0,0
trust_stability,0.22,1.0,1.0,0.0,0.025,0.0,-0.025,22.7125,18.25,-4.4625,1,1
trust_stability,0.24,1.0,1.0,0.0,0.0,0.0,0.0,17.45,15.5875,-1.8625,1,1
trust_stability,0.26,1.0,1.0,0.0,0.0,0.0,0.0,14.9625,13.55,-1.4125,1,1
trust_stability,0.28,1.0,1.0,0.0,0.0,0.0,0.0,13.075,11.9125,-1.1625,1,1
trust_stability,0.3,1.0,1.0,0.0,0.0,0.0,0.0,11.525,10.4375,-1.0875,1,1
trust_stability,0.32,1.0,1.0,0.0,0.0,0.0,0.0,10.1375,9.1125,-1.025,1,1
trust_stability,0.34,1.0,1.0,0.0,0.0,0.0,0.0,8.8375,7.925,-0.9125,1,1
trust_stability,0.36,1.0,1.0,0.0,0.0,0.0,0.0,7.8125,6.5625,-1.25,1,1
trust_stability,0.38,1.0,1.0,0.0,0.0,0.0,0.0,6.375,3.775,-2.6,1,1
trust_stability,0.4,1.0,0.5375,-0.4625,0.0,0.0,0.0,5.3,3.069767,-2.230233,1,0
trust_stability,0.42,1.0,0.5,-0.5,0.0,0.0,0.0,4.7125,2.575,-2.1375,1,0
trust_stability,0.44,1.0,0.5,-0.5,0.0,0.0,0.0,3.5,1.75,-1.75,1,0
trust_stability,0.46,0.7125,0.475,-0.2375,0.0,0.0,0.0,1.245614,1.105263,-0.140351,0,0
trust_stability,0.48,0.5,0.35,-0.15,0.0,0.0,0.0,1.4,0.714286,-0.685714,0,0
trust_stability,0.5,0.5,0.2125,-0.2875,0.0,0.0,0.0,1.15,0.588235,-0.561765,0,0
trust_stability,0.52,0.4875,0.1,-0.3875,0.0,0.0,0.0,0.846154,0.375,-0.471154,0,0
trust_stability,0.54,0.3875,0.0375,-0.35,0.0,0.0,0.0,0.709677,0.0,-0.709677,0,0
trust_stability,0.56,0.275,0.0,-0.275,0.0,0.0,0.0,0.5,0.0,-0.5,0,0
trust_stability,0.58,0.1625,0.0,-0.1625,0.0,0.0,0.0,0.384615,0.0,-0.384615,0,0
trust_stability,0.6,0.0625,0.0,-0.0625,0.0,0.0,0.0,0.0,0.0,0.0,0,0
v02_default,0.1,1.0,1.0,0.0,1.0,1.0,0.0,52.1625,52.1625,0.0,0,0
v02_default,0.12,1.0,1.0,0.0,1.0,1.0,0.0,52.1625,52.1625,0.0,0,0
v02_default,0.14,1.0,1.0,0.0,1.0,1.0,0.0,52.1625,52.1625,0.0,0,0
v02_default,0.16,1.0,1.0,0.0,1.0,1.0,0.0,52.1625,52.1625,0.0,0,0
v02_default,0.18,1.0,1.0,0.0,1.0,1.0,0.0,52.1625,52.1625,0.0,0,0
v02_default,0.2,1.0,1.0,0.0,1.0,1.0,0.0,52.1625,52.1625,0.0,0,0
v02_default,0.22,1.0,1.0,0.0,1.0,0.0,-1.0,52.1625,20.25,-31.9125,0,1
v02_default,0.24,1.0,1.0,0.0,0.0,0.0,0.0,16.9875,14.0375,-2.95,1,1
v02_default,0.26,1.0,1.0,0.0,0.0,0.0,0.0,13.3625,11.6625,-1.7,1,1
v02_default,0.28,1.0,1.0,0.0,0.0,0.0,0.0,11.1875,9.725,-1.4625,1,1
v02_default,0.3,1.0,1.0,0.0,0.0,0.0,0.0,9.3625,7.05,-2.3125,1,1
v02_default,0.32,1.0,0.7125,-0.2875,0.0,0.0,0.0,7.325,4.894737,-2.430263,1,0
v02_default,0.34,1.0,0.5,-0.5,0.0,0.0,0.0,6.4875,5.525,-0.9625,1,0
v02_default,0.36,1.0,0.5,-0.5,0.0,0.0,0.0,5.625,4.275,-1.35,1,0
v02_default,0.38,0.9125,0.5,-0.4125,0.0,0.0,0.0,2.616438,3.275,0.658562,1,0
v02_default,0.4,0.5,0.5,0.0,0.0,0.0,0.0,3.05,2.275,-0.775,0,0
v02_default,0.42,0.5,0.4875,-0.0125,0.0,0.0,0.0,2.2,1.461538,-0.738462,0,0
v02_default,0.44,0.5,0.3875,-0.1125,0.0,0.0,0.0,1.675,1.064516,-0.610484,0,0
v02_default,0.46,0.5,0.2,-0.3,0.0,0.0,0.0,1.3,0.9375,-0.3625,0,0
v02_default,0.48,0.5,0.1125,-0.3875,0.0,0.0,0.0,0.975,0.777778,-0.197222,0,0
v02_default,0.5,0.425,0.05,-0.375,0.0,0.0,0.0,0.647059,0.0,-0.647059,0,0
v02_default,0.52,0.275,0.0,-0.275,0.0,0.0,0.0,0.772727,0.0,-0.772727,0,0
v02_default,0.54,0.175,0.0,-0.175,0.0,0.0,0.0,0.571429,0.0,-0.571429,0,0
v02_default,0.56,0.0875,0.0,-0.0875,0.0,0.0,0.0,0.142857,0.0,-0.142857,0,0
v02_default,0.58,0.0125,0.0,-0.0125,0.0,0.0,0.0,0.0,0.0,0.0,0,0
v02_default,0.6,0.0,0.0,0.0,0.0,0.0,0.0,0.0,0.0,0.0,0,0
